gene	rank	source	release
BRCA1	1	clingen_cancer_validity	2026-09-26 (ClinGen + MONDO_0045024 cancer subset)
BRCA2	2	clingen_cancer_validity	2026-09-26 (ClinGen + MONDO_0045024 cancer subset)
BRIP1	3	clingen_cancer_validity	2026-09-26 (ClinGen + MONDO_0045024 cancer subset)
BUB1B	4	clingen_cancer_validity	2026-09-26 (ClinGen + MONDO_0045024 cancer subset)
CDC73	5	clingen_cancer_validity	2026-09-26 (ClinGen + MONDO_0045024 cancer subset)
CDH1	6	clingen_cancer_validity	2026-09-26 (ClinGen + MONDO_0045024 cancer subset)
CYLD	7	clingen_cancer_validity	2026-09-26 (ClinGen + MONDO_0045024 cancer subset)
ETV6	8	clingen_cancer_validity	2026-09-26 (ClinGen + MONDO_0045024 cancer subset)
MEN1	9	clingen_cancer_validity	2026-09-26 (ClinGen + MONDO_0045024 cancer subset)
MUTYH	10	clingen_cancer_validity	2026-09-26 (ClinGen + MONDO_0045024 cancer subset)
NF2	11	clingen_cancer_validity	2026-09-26 (ClinGen + MONDO_0045024 cancer subset)
NTHL1	12	clingen_cancer_validity	2026-09-26 (ClinGen + MONDO_0045024 cancer subset)
PDGFRA	13	clingen_cancer_validity	2026-09-26 (ClinGen + MONDO_0045024 cancer subset)
POLE	14	clingen_cancer_validity	2026-09-26 (ClinGen + MONDO_0045024 cancer subset)
PTEN	15	clingen_cancer_validity	2026-09-26 (ClinGen + MONDO_0045024 cancer subset)
RAD51C	16	clingen_cancer_validity	2026-09-26 (ClinGen + MONDO_0045024 cancer subset)
RB1	17	clingen_cancer_validity	2026-09-26 (ClinGen + MONDO_0045024 cancer subset)
SMARCA4	18	clingen_cancer_validity	2026-09-26 (ClinGen + MONDO_0045024 cancer subset)
SMARCB1	19	clingen_cancer_validity	2026-09-26 (ClinGen + MONDO_0045024 cancer subset)
STK11	20	clingen_cancer_validity	2026-09-26 (ClinGen + MONDO_0045024 cancer subset)
SUFU	21	clingen_cancer_validity	2026-09-26 (ClinGen + MONDO_0045024 cancer subset)
WAS	22	clingen_cancer_validity	2026-09-26 (ClinGen + MONDO_0045024 cancer subset)
