network	label_set	degree_mean	degree_std
funmap	intogen2024	0.5204	0.0302
funmap	intogen_temporal_new	0.5358	0.0678
funmap	ot_all	0.5763	0.0319
funmap	ot_nolit	0.5707	0.0299
intact	intogen2024	0.7089	0.017
intact	intogen_temporal_new	0.6356	0.038
intact	ot_all	0.7014	0.029
intact	ot_nolit	0.6685	0.028
reactome	intogen2024	0.6801	0.0263
reactome	intogen_temporal_new	0.5989	0.0725
reactome	ot_all	0.7032	0.0276
reactome	ot_nolit	0.6817	0.0349
rna_coexp	intogen2024	0.5876	0.0355
rna_coexp	intogen_temporal_new	0.5309	0.0639
rna_coexp	ot_all	0.5457	0.0263
rna_coexp	ot_nolit	0.5308	0.0295
string_full700	intogen2024	0.7277	0.0179
string_full700	intogen_temporal_new	0.6265	0.0489
string_full700	ot_all	0.7814	0.0202
string_full700	ot_nolit	0.757	0.017
string_phys700	intogen2024	0.6622	0.0232
string_phys700	intogen_temporal_new	0.5685	0.0555
string_phys700	ot_all	0.6777	0.0183
string_phys700	ot_nolit	0.6522	0.0238
