network	label_set	a0.3_mean	a0.3_std	a0.3_n	a0.5_mean	a0.5_std	a0.5_n	a0.7_mean	a0.7_std	a0.7_n
funmap	intogen2024	0.0895	0.0174	50.0	0.0998	0.019	50.0	0.1046	0.0198	50.0
funmap	intogen_temporal_new	0.0086	0.0232	50.0	0.0172	0.0243	50.0	0.0252	0.0251	50.0
funmap	ot_all	0.0752	0.0183	50.0	0.0846	0.0198	50.0	0.0907	0.0204	50.0
funmap	ot_nolit	0.0711	0.0161	50.0	0.0779	0.0177	50.0	0.0813	0.0188	50.0
intact	intogen2024	0.0545	0.0059	50.0	0.065	0.0074	50.0	0.0682	0.0085	50.0
intact	intogen_temporal_new	0.0095	0.0148	50.0	0.0067	0.0184	50.0	0.0023	0.0207	50.0
intact	ot_all	0.0683	0.0076	50.0	0.0838	0.0094	50.0	0.0912	0.0107	50.0
intact	ot_nolit	0.0646	0.0104	50.0	0.0781	0.0131	50.0	0.0839	0.0151	50.0
reactome	intogen2024	0.0484	0.0167	50.0	0.0436	0.0187	50.0	0.0363	0.0196	50.0
reactome	intogen_temporal_new	-0.0082	0.0473	50.0	-0.0112	0.0512	50.0	-0.0144	0.054	50.0
reactome	ot_all	0.1045	0.0188	50.0	0.109	0.0212	50.0	0.1083	0.0228	50.0
reactome	ot_nolit	0.0966	0.0229	50.0	0.0984	0.0247	50.0	0.0954	0.0256	50.0
rna_coexp	intogen2024	0.0424	0.0136	50.0	0.0498	0.015	50.0	0.055	0.0163	50.0
rna_coexp	intogen_temporal_new	0.0161	0.0345	50.0	0.0202	0.0371	50.0	0.0228	0.0392	50.0
rna_coexp	ot_all	0.0702	0.018	50.0	0.078	0.0188	50.0	0.0824	0.0191	50.0
rna_coexp	ot_nolit	0.0743	0.0179	50.0	0.0849	0.0199	50.0	0.0916	0.0212	50.0
string_full700	intogen2024	0.1039	0.0099	50.0	0.1133	0.0113	50.0	0.1163	0.012	50.0
string_full700	intogen_temporal_new	0.0563	0.0231	50.0	0.0582	0.0272	50.0	0.0574	0.0299	50.0
string_full700	ot_all	0.1111	0.0121	50.0	0.1192	0.0134	50.0	0.1212	0.0141	50.0
string_full700	ot_nolit	0.12	0.0092	50.0	0.1272	0.01	50.0	0.1281	0.0102	50.0
string_phys700	intogen2024	0.1149	0.0154	50.0	0.1189	0.0171	50.0	0.1183	0.0182	50.0
string_phys700	intogen_temporal_new	0.0357	0.0326	50.0	0.0348	0.0364	50.0	0.033	0.0392	50.0
string_phys700	ot_all	0.155	0.0148	50.0	0.1593	0.0158	50.0	0.1592	0.0164	50.0
string_phys700	ot_nolit	0.1668	0.0157	50.0	0.1697	0.0171	50.0	0.1687	0.0178	50.0
