network	label	n_resamples	null_mean	null_sd	null_q05	null_q50	null_q95	observed_delta
funmap	intogen2024	100	-0.015019147148181257	0.0026505779802373204	-0.019831088924221835	-0.014921605566766194	-0.010858323159515045	0.09798355814804506
funmap	ot_all	100	-0.028640420307309247	0.002829106086361763	-0.0322374335182504	-0.028661450932032664	-0.024661727537200032	0.08349504173432683
funmap	ot_nolit	100	-0.02589932525597428	0.0034677925065797134	-0.031562478280624	-0.025809418384252852	-0.019985585218432925	0.07678867456350899
funmap	intogen_temporal_new	100	-0.014806972165167505	0.0046312342181889414	-0.02188451849753287	-0.014352869655546895	-0.006456481809382166	0.017016821304624972
rna_coexp	intogen2024	100	-0.02010975124232401	0.0024936269290458057	-0.02446376567825919	-0.019788026292344343	-0.016249759499915938	0.049072890704093354
rna_coexp	ot_all	100	-0.01378466500390473	0.0031236815015767937	-0.019708012014656193	-0.013607197711527028	-0.008913660621676405	0.07683148146705156
rna_coexp	ot_nolit	100	-0.010873082918661466	0.002960342133768145	-0.015563235939353213	-0.011176087223724438	-0.00674444096716875	0.08358689788143535
rna_coexp	intogen_temporal_new	100	-0.007069551269287612	0.004846318850093693	-0.015707380990500525	-0.006715075654986049	-5.3490371746800583e-05	0.01968495825631729
string_phys700	intogen2024	100	-0.02887791050176783	0.002161498416607636	-0.03252808268133589	-0.028696436726482838	-0.02568334411822085	0.11736557971292873
string_phys700	ot_all	100	-0.0391794004871536	0.0027562883879417425	-0.04365105174517394	-0.03934534648223591	-0.035201993630805124	0.1578347546249111
string_phys700	ot_nolit	100	-0.03487460059629365	0.0025921112663774277	-0.03909871593344684	-0.034873238046231936	-0.030753905292062136	0.16839413760773506
string_phys700	intogen_temporal_new	100	0.005766814400731529	0.004484104480722612	-0.0015565658201457126	0.005355051518578759	0.013519632886782238	0.03450163217626218
intact	intogen2024	100	-0.02492299233602849	0.001246546444660667	-0.026856574788536678	-0.024957646905221537	-0.022796473845694724	0.06257675535536095
intact	ot_all	100	-0.024055776157813614	0.0012094186409386943	-0.02615877356324534	-0.023929289263467764	-0.02185027739665626	0.08109762528137641
intact	ot_nolit	100	-0.021147683600550873	0.001466376771563666	-0.023476805645496864	-0.02118273440803018	-0.019277960979141563	0.07553759907262664
intact	intogen_temporal_new	100	-0.01761004304752384	0.002679647606234384	-0.02201982805276351	-0.017587464613221145	-0.012778505758632182	0.006147079501728953
string_full700	intogen2024	100	-0.039258379558348426	0.001725843035060574	-0.04197042956170676	-0.03931226011753881	-0.03628052071370184	0.11116257890542924
string_full700	ot_all	100	-0.04239324689744021	0.0015007999883528177	-0.044813544990377145	-0.04229585307604233	-0.03991728969546474	0.11717978990419926
string_full700	ot_nolit	100	-0.04174389188018323	0.0016071782420616519	-0.044510676763711725	-0.041905397196674396	-0.03937662024891983	0.1250988973261401
string_full700	intogen_temporal_new	100	-0.014946728866922608	0.003489832656642133	-0.020203427880863364	-0.01513434548413574	-0.00809795094412827	0.05729540379185236
reactome	intogen2024	100	-0.042994482862751024	0.002922865341697992	-0.0478562703205999	-0.043114737782475224	-0.03832668201721276	0.04276627577297967
reactome	ot_all	100	-0.0504984106137881	0.0031576857535942763	-0.05521633535747008	-0.05052509795857427	-0.045065196711577986	0.10728045483130687
reactome	ot_nolit	100	-0.05048210903795403	0.003570480564903693	-0.05682221378180473	-0.05011237705939754	-0.04461000682279843	0.09680157884043356
reactome	intogen_temporal_new	100	-0.02557735399775889	0.0067835765446991195	-0.03553437067431283	-0.02603705260035594	-0.013738295926438606	-0.01123871201634698
