network	label	observed_delta	null_mean	null_sd	n_resamples	z_score	p_one_sided_observed_gt_null
funmap	intogen2024	0.09798355814804506	-0.015019147148181257	0.0026505779802373204	100	42.633231747480444	0.0
funmap	ot_all	0.08349504173432683	-0.028640420307309247	0.002829106086361763	100	39.636358135244954	0.0
funmap	ot_nolit	0.07678867456350899	-0.02589932525597428	0.0034677925065797134	100	29.61192159699443	0.0
funmap	intogen_temporal_new	0.017016821304624972	-0.014806972165167505	0.0046312342181889414	100	6.871557768511495	3.1752378504279477e-12
rna_coexp	intogen2024	0.049072890704093354	-0.02010975124232401	0.0024936269290458057	100	27.743782015094904	0.0
rna_coexp	ot_all	0.07683148146705156	-0.01378466500390473	0.0031236815015767937	100	29.00940650486115	0.0
rna_coexp	ot_nolit	0.08358689788143535	-0.010873082918661466	0.002960342133768145	100	31.908467512118637	0.0
rna_coexp	intogen_temporal_new	0.01968495825631729	-0.007069551269287612	0.004846318850093693	100	5.520583839647212	1.689375672686566e-08
string_phys700	intogen2024	0.11736557971292873	-0.02887791050176783	0.002161498416607636	100	67.65838415196178	0.0
string_phys700	ot_all	0.1578347546249111	-0.0391794004871536	0.0027562883879417425	100	71.47806302633846	0.0
string_phys700	ot_nolit	0.16839413760773506	-0.03487460059629365	0.0025921112663774277	100	78.41821485082481	0.0
string_phys700	intogen_temporal_new	0.03450163217626218	0.005766814400731529	0.004484104480722612	100	6.4081508134038945	7.364753251692946e-11
intact	intogen2024	0.06257675535536095	-0.02492299233602849	0.001246546444660667	100	70.19373250485543	0.0
intact	ot_all	0.08109762528137641	-0.024055776157813614	0.0012094186409386943	100	86.9454115223285	0.0
intact	ot_nolit	0.07553759907262664	-0.021147683600550873	0.001466376771563666	100	65.93481603645255	0.0
intact	intogen_temporal_new	0.006147079501728953	-0.01761004304752384	0.002679647606234384	100	8.865763727282728	0.0
string_full700	intogen2024	0.11116257890542924	-0.039258379558348426	0.001725843035060574	100	87.15796014351803	0.0
string_full700	ot_all	0.11717978990419926	-0.04239324689744021	0.0015007999883528177	100	106.32531852347404	0.0
string_full700	ot_nolit	0.1250988973261401	-0.04174389188018323	0.0016071782420616519	100	103.81100542544752	0.0
string_full700	intogen_temporal_new	0.05729540379185236	-0.014946728866922608	0.003489832656642133	100	20.70074406613104	0.0
reactome	intogen2024	0.04276627577297967	-0.042994482862751024	0.002922865341697992	100	29.341330718270225	0.0
reactome	ot_all	0.10728045483130687	-0.0504984106137881	0.0031576857535942763	100	49.966614082956525	0.0
reactome	ot_nolit	0.09680157884043356	-0.05048210903795403	0.003570480564903693	100	41.25038218275816	0.0
reactome	intogen_temporal_new	-0.01123871201634698	-0.02557735399775889	0.0067835765446991195	100	2.1137289285276117	0.017269213115898907
