provence_class	label	alpha	delta_class_mean	delta_class_sd	n_networks
curated-literature	intogen2024	0.3	0.07696442733920446	0.048363489753045774	2
curated-literature	intogen2024	0.5	0.07696442733920446	0.048363489753045774	2
curated-literature	intogen2024	0.7	0.07696442733920446	0.048363489753045774	2
curated-literature	intogen_temporal_new	0.3	0.023028345887752693	0.048460938030601926	2
curated-literature	intogen_temporal_new	0.5	0.023028345887752693	0.048460938030601926	2
curated-literature	intogen_temporal_new	0.7	0.023028345887752693	0.048460938030601926	2
curated-literature	ot_all	0.3	0.11223012236775305	0.0069998869592800385	2
curated-literature	ot_all	0.5	0.11223012236775305	0.0069998869592800385	2
curated-literature	ot_all	0.7	0.11223012236775305	0.0069998869592800385	2
curated-literature	ot_nolit	0.3	0.11095023808328681	0.020009225790638525	2
curated-literature	ot_nolit	0.5	0.11095023808328681	0.020009225790638525	2
curated-literature	ot_nolit	0.7	0.11095023808328681	0.020009225790638525	2
protein-derived	intogen2024	0.3	0.09264196440544492	0.027782247684525842	3
protein-derived	intogen2024	0.5	0.09264196440544492	0.027782247684525842	3
protein-derived	intogen2024	0.7	0.09264196440544492	0.027782247684525842	3
protein-derived	intogen_temporal_new	0.3	0.019221844327538703	0.01430530528307259	3
protein-derived	intogen_temporal_new	0.5	0.019221844327538703	0.01430530528307259	3
protein-derived	intogen_temporal_new	0.7	0.019221844327538703	0.01430530528307259	3
protein-derived	ot_all	0.3	0.10747580721353811	0.04362859830086559	3
protein-derived	ot_all	0.5	0.10747580721353811	0.04362859830086559	3
protein-derived	ot_all	0.7	0.10747580721353811	0.04362859830086559	3
protein-derived	ot_nolit	0.3	0.10690680374795687	0.053253267189524035	3
protein-derived	ot_nolit	0.5	0.10690680374795687	0.053253267189524035	3
protein-derived	ot_nolit	0.7	0.10690680374795687	0.053253267189524035	3
rna-derived	intogen2024	0.3	0.04907289070409337		1
rna-derived	intogen2024	0.5	0.04907289070409337		1
rna-derived	intogen2024	0.7	0.04907289070409337		1
rna-derived	intogen_temporal_new	0.3	0.019684958256317275		1
rna-derived	intogen_temporal_new	0.5	0.019684958256317275		1
rna-derived	intogen_temporal_new	0.7	0.019684958256317275		1
rna-derived	ot_all	0.3	0.07683148146705156		1
rna-derived	ot_all	0.5	0.07683148146705156		1
rna-derived	ot_all	0.7	0.07683148146705156		1
rna-derived	ot_nolit	0.3	0.08358689788143532		1
rna-derived	ot_nolit	0.5	0.08358689788143532		1
rna-derived	ot_nolit	0.7	0.08358689788143532		1
