network	label	seed	n_test_pos	delta_auroc
string_full700	intogen2024	0	123	-0.012353517444801176
string_full700	ot_all	0	119	-0.02040521898752945
string_full700	ot_nolit	0	118	0.0035225314576048383
string_full700	intogen_temporal_new	0	29	-0.01640340884195768
string_full700	intogen2024	1	123	-0.00799963795315739
string_full700	ot_all	1	119	-0.012482756346488766
string_full700	ot_nolit	1	118	-0.022646428155872367
string_full700	intogen_temporal_new	1	29	-0.041608246067563415
string_full700	intogen2024	2	123	-0.0050273931030074825
string_full700	ot_all	2	119	-0.01996279218031205
string_full700	ot_nolit	2	118	-0.019712601326455692
string_full700	intogen_temporal_new	2	29	0.0024700959558339175
string_full700	intogen2024	3	123	0.009824513765766318
string_full700	ot_all	3	119	-0.005354463564365974
string_full700	ot_nolit	3	118	-0.014000088651991205
string_full700	intogen_temporal_new	3	29	-0.011507032379617144
string_full700	intogen2024	4	123	-0.008586633017607093
string_full700	ot_all	4	119	-0.01727525542591135
string_full700	ot_nolit	4	118	-0.013080324244657437
string_full700	intogen_temporal_new	4	29	-0.016622486088594846
string_full700	intogen2024	5	123	-0.0077254407121672974
string_full700	ot_all	5	119	-0.008473435155618603
string_full700	ot_nolit	5	118	-0.013288102348723796
string_full700	intogen_temporal_new	5	29	-0.003401174254041961
string_full700	intogen2024	6	123	-0.00947843957810901
string_full700	ot_all	6	119	-0.013491269627536884
string_full700	ot_nolit	6	118	-0.012124544965952277
string_full700	intogen_temporal_new	6	29	-0.040490952109713985
string_full700	intogen2024	7	123	-0.005479951656098048
string_full700	ot_all	7	119	-0.005994745838165061
string_full700	ot_nolit	7	118	-0.01690344135947852
string_full700	intogen_temporal_new	7	29	-0.03824541033168305
string_full700	intogen2024	8	123	0.003901320938553332
string_full700	ot_all	8	119	-0.024826739067111303
string_full700	ot_nolit	8	118	-0.008439946587175506
string_full700	intogen_temporal_new	8	29	-0.013161065591727694
string_full700	intogen2024	9	123	-0.01180512296282099
string_full700	ot_all	9	119	-0.011071662150798689
string_full700	ot_nolit	9	118	-0.00683035887434158
string_full700	intogen_temporal_new	9	29	-0.027127240064846903
string_full700	intogen2024	10	123	0.009859121184532027
string_full700	ot_all	10	119	-0.010649845288016935
string_full700	ot_nolit	10	118	-0.02172389337381797
string_full700	intogen_temporal_new	10	29	-0.04841059457564745
string_full700	intogen2024	11	123	-0.00573817624227313
string_full700	ot_all	11	119	-0.014051860116184978
string_full700	ot_nolit	11	118	-0.015091616292019827
string_full700	intogen_temporal_new	11	29	0.013774481882311562
string_full700	intogen2024	12	123	-0.0021070593810063043
string_full700	ot_all	12	119	0.0009329434847845652
string_full700	ot_nolit	12	118	-0.009875000692593838
string_full700	intogen_temporal_new	12	29	0.006260132322656875
string_full700	intogen2024	13	123	-0.009813865329222904
string_full700	ot_all	13	119	-0.01266961984270476
string_full700	ot_nolit	13	118	-0.008675428438450594
string_full700	intogen_temporal_new	13	29	-0.015165622398457645
string_full700	intogen2024	14	123	-0.00932936146650254
string_full700	ot_all	14	119	-0.023958373408225153
string_full700	ot_nolit	14	118	-0.006244424620874489
string_full700	intogen_temporal_new	14	29	-0.019963414099811616
string_full700	intogen2024	15	123	-0.004649373605720264
string_full700	ot_all	15	119	-0.010850448747189989
string_full700	ot_nolit	15	118	-0.009833445071780522
string_full700	intogen_temporal_new	15	29	-0.04501489725277141
string_full700	intogen2024	16	123	-0.006137492612647066
string_full700	ot_all	16	119	-0.014667410456661312
string_full700	ot_nolit	16	118	-0.0024476260659017646
string_full700	intogen_temporal_new	16	29	-0.04215593918415639
string_full700	intogen2024	17	123	0.008637213091187923
string_full700	ot_all	17	119	-0.005021956460805277
string_full700	ot_nolit	17	118	-0.0059216759658914375
string_full700	intogen_temporal_new	17	29	0.033436664767997115
string_full700	intogen2024	18	123	-0.019275001197949115
string_full700	ot_all	18	119	-0.01384026468664612
string_full700	ot_nolit	18	118	-0.017978346751181706
string_full700	intogen_temporal_new	18	29	-0.023107172589055036
string_full700	intogen2024	19	123	-0.009489088014652203
string_full700	ot_all	19	119	-0.009701787843979792
string_full700	ot_nolit	19	118	-0.006658595641646725
string_full700	intogen_temporal_new	19	29	-0.012547649301143715
string_full700	intogen2024	20	123	-0.019474659383135973
string_full700	ot_all	20	119	-0.0028977581876437064
string_full700	ot_nolit	20	118	-0.015701098730614427
string_full700	intogen_temporal_new	20	29	-0.026875301231214177
string_full700	intogen2024	21	123	-0.0017104051197682768
string_full700	ot_all	21	119	-0.014675654434435303
string_full700	ot_nolit	21	118	-0.01199987810351244
string_full700	intogen_temporal_new	21	29	-0.04535446698505896
string_full700	intogen2024	22	123	-0.015010302362355565
string_full700	ot_all	22	119	-0.014587718671510319
string_full700	ot_nolit	22	118	-0.01745336074157411
string_full700	intogen_temporal_new	22	29	-0.013018665381413497
string_full700	intogen2024	23	123	-0.012417408064060997
string_full700	ot_all	23	119	-0.002213508032382183
string_full700	ot_nolit	23	118	-0.020166942780680763
string_full700	intogen_temporal_new	23	29	0.036350392148271404
string_full700	intogen2024	24	123	0.002166956836562428
string_full700	ot_all	24	119	-0.0052417958681181265
string_full700	ot_nolit	24	118	-0.009359710994509274
string_full700	intogen_temporal_new	24	29	-0.02070827673837794
string_full700	intogen2024	25	123	-0.004423094329174981
string_full700	ot_all	25	119	-0.010743277036124987
string_full700	ot_nolit	25	118	-0.02076534372039185
string_full700	intogen_temporal_new	25	29	-0.013314419664373633
string_full700	intogen2024	26	123	-0.005042034703254483
string_full700	ot_all	26	119	-0.01651680947068157
string_full700	ot_nolit	26	118	-0.012778353400081044
string_full700	intogen_temporal_new	26	29	-0.018397011786355888
string_full700	intogen2024	27	123	-0.007819945586489241
string_full700	ot_all	27	119	-0.017049920033415322
string_full700	ot_nolit	27	118	-0.028455903945567962
string_full700	intogen_temporal_new	27	29	0.00720216448319666
string_full700	intogen2024	28	123	-0.011423110301829964
string_full700	ot_all	28	119	-0.011127995998922668
string_full700	ot_nolit	28	118	-0.025760329342147004
string_full700	intogen_temporal_new	28	29	-0.026951978267537147
string_full700	intogen2024	29	123	0.002015216615820381
string_full700	ot_all	29	119	-0.00036685701095329204
string_full700	ot_nolit	29	118	-0.018535192070079476
string_full700	intogen_temporal_new	29	29	-0.02277855671909923
string_full700	intogen2024	30	123	-0.017238487709042016
string_full700	ot_all	30	119	0.0018260410769934676
string_full700	ot_nolit	30	118	0.001688543392379116
string_full700	intogen_temporal_new	30	29	-0.017433071901152397
string_full700	intogen2024	31	123	-0.005812715298076254
string_full700	ot_all	31	119	-0.008456947200070175
string_full700	ot_nolit	31	118	-0.0037524725594385577
string_full700	intogen_temporal_new	31	29	-0.003390220391710219
string_full700	intogen2024	32	123	-0.016722038536691852
string_full700	ot_all	32	119	-0.026478282614549986
string_full700	ot_nolit	32	118	-0.02190950848011719
string_full700	intogen_temporal_new	32	29	-0.05407374140121812
string_full700	intogen2024	33	123	-0.012507919774679022
string_full700	ot_all	33	119	-0.012529472220542681
string_full700	ot_nolit	33	118	-0.014324222494334737
string_full700	intogen_temporal_new	33	29	-0.02415874337291335
string_full700	intogen2024	34	123	-0.012490616065296223
string_full700	ot_all	34	119	-0.018712455551219587
string_full700	ot_nolit	34	118	-0.013567910195533273
string_full700	intogen_temporal_new	34	29	-0.0032040047320684995
string_full700	intogen2024	35	123	-0.011029118149727624
string_full700	ot_all	35	119	-0.004623497535050536
string_full700	ot_nolit	35	118	-0.018258154597991072
string_full700	intogen_temporal_new	35	29	-0.041871138763528104
string_full700	intogen2024	36	123	-0.007652232710932183
string_full700	ot_all	36	119	-0.008915861962836003
string_full700	ot_nolit	36	118	-0.00953978535136668
string_full700	intogen_temporal_new	36	29	-0.019196643736581587
string_full700	intogen2024	37	123	-0.023423898286134004
string_full700	ot_all	37	119	-0.008437711251930269
string_full700	ot_nolit	37	118	-0.014678830458607961
string_full700	intogen_temporal_new	37	29	-0.0551362660474084
string_full700	intogen2024	38	123	-0.011224783171210784
string_full700	ot_all	38	119	-0.017170831707437606
string_full700	ot_nolit	38	118	-0.012224278455904014
string_full700	intogen_temporal_new	38	29	-0.0367995005038777
string_full700	intogen2024	39	123	0.005746162569680746
string_full700	ot_all	39	119	-0.011221427747030721
string_full700	ot_nolit	39	118	0.000552689756816438
string_full700	intogen_temporal_new	39	29	-0.0009146475047101532
string_full700	intogen2024	40	123	-0.013152150185548939
string_full700	ot_all	40	119	-0.006709223911932072
string_full700	ot_nolit	40	118	-0.0213526631612192
string_full700	intogen_temporal_new	40	29	-0.010565000219077247
string_full700	intogen2024	41	123	-0.009063150552920063
string_full700	ot_all	41	119	-0.01665695709284354
string_full700	ot_nolit	41	118	-0.022474664923177734
string_full700	intogen_temporal_new	41	29	-0.030183367655435278
string_full700	intogen2024	42	123	-0.020361141725366072
string_full700	ot_all	42	119	-0.019154882358436987
string_full700	ot_nolit	42	118	-0.0040627545281776145
string_full700	intogen_temporal_new	42	29	-0.003992682819962345
string_full700	intogen2024	43	123	-0.01429951922309003
string_full700	ot_all	43	119	-0.007863380800325115
string_full700	ot_nolit	43	118	-0.018970140901258592
string_full700	intogen_temporal_new	43	29	-0.05658217587521375
string_full700	intogen2024	44	123	-0.010319666065029987
string_full700	ot_all	44	119	-0.02174074338695564
string_full700	ot_nolit	44	118	-0.02961669095361863
string_full700	intogen_temporal_new	44	29	-0.03790584059939539
string_full700	intogen2024	45	123	-0.020896225661667045
string_full700	ot_all	45	119	-0.016225522255991942
string_full700	ot_nolit	45	118	-0.02283204326217181
string_full700	intogen_temporal_new	45	29	-0.04374424922227582
string_full700	intogen2024	46	123	-0.011975497947513736
string_full700	ot_all	46	119	-0.019929816269215084
string_full700	ot_nolit	46	118	-0.014642815587236457
string_full700	intogen_temporal_new	46	29	0.027455855934802598
string_full700	intogen2024	47	123	-0.0035419362052165893
string_full700	ot_all	47	119	-0.018979010832586574
string_full700	ot_nolit	47	118	-0.025979188945096876
string_full700	intogen_temporal_new	47	29	-0.024728344214169917
string_full700	intogen2024	48	123	-0.013989383508766218
string_full700	ot_all	48	119	-0.007764453067034216
string_full700	ot_nolit	48	118	-0.025760329342147004
string_full700	intogen_temporal_new	48	29	-0.02358914253165678
string_full700	intogen2024	49	123	-0.022237928666123508
string_full700	ot_all	49	119	0.0006169243367721844
string_full700	ot_nolit	49	118	-0.0012064981909455375
string_full700	intogen_temporal_new	49	29	0.0010570477150243507
string_full700	intogen2024	50	123	-0.007559058891178361
string_full700	ot_all	50	119	-0.015035641463910454
string_full700	ot_nolit	50	118	-0.015440683506851238
string_full700	intogen_temporal_new	50	29	0.04353612583797051
string_full700	intogen2024	51	123	-0.026617098194557487
string_full700	ot_all	51	119	-0.010206044484504018
string_full700	ot_nolit	51	118	-0.015590283741778843
string_full700	intogen_temporal_new	51	29	-0.04474105069447487
string_full700	intogen2024	52	123	-0.016827191847556988
string_full700	ot_all	52	119	-0.005008216497848217
string_full700	ot_nolit	52	118	-0.034038209008150466
string_full700	intogen_temporal_new	52	29	-0.035419313850063694
string_full700	intogen2024	53	123	0.0012099286022330125
string_full700	ot_all	53	119	-0.01647146759292306
string_full700	ot_nolit	53	118	-0.012775583025360193
string_full700	intogen_temporal_new	53	29	0.015056083775139117
string_full700	intogen2024	54	123	-0.000965014561736921
string_full700	ot_all	54	119	-0.0029060021654179202
string_full700	ot_nolit	54	118	-0.004957585563023503
string_full700	intogen_temporal_new	54	29	-0.028715550102966336
string_full700	intogen2024	55	123	-0.009269464010946638
string_full700	ot_all	55	119	-0.004612505564684843
string_full700	ot_nolit	55	118	0.006173780065491519
string_full700	intogen_temporal_new	55	29	0.002842527275117135
string_full700	intogen2024	56	123	-0.006583395892898025
string_full700	ot_all	56	119	-0.017948513610807293
string_full700	ot_nolit	56	118	-0.01427989649880057
string_full700	intogen_temporal_new	56	29	-0.034126758094904286
string_full700	intogen2024	57	123	-0.01567582964631209
string_full700	ot_all	57	119	-0.012518480250176989
string_full700	ot_nolit	57	118	-0.015784209972240948
string_full700	intogen_temporal_new	57	29	0.02742299434780704
string_full700	intogen2024	58	123	-0.004481660730163206
string_full700	ot_all	58	119	-0.005869712175255781
string_full700	ot_nolit	58	118	-0.007880330893556775
string_full700	intogen_temporal_new	58	29	-0.046986592472505806
string_full700	intogen2024	59	123	9.583592888973147e-05
string_full700	ot_all	59	119	-0.01666794906320912
string_full700	ot_nolit	59	118	-0.02485164643369675
string_full700	intogen_temporal_new	59	29	0.0060081934890241495
string_full700	intogen2024	60	123	-0.022683831946374355
string_full700	ot_all	60	119	-0.007896356711422192
string_full700	ot_nolit	60	118	-0.012642605038757804
string_full700	intogen_temporal_new	60	29	0.0014623406213030155
string_full700	intogen2024	61	123	-0.02080837606018504
string_full700	ot_all	61	119	-0.012485504339080022
string_full700	ot_nolit	61	118	-0.0032870496063298615
string_full700	intogen_temporal_new	61	29	-0.03045721421373171
string_full700	intogen2024	62	123	-0.008850181822053771
string_full700	ot_all	62	119	-0.009017537688718269
string_full700	ot_nolit	62	118	-0.01387819216427233
string_full700	intogen_temporal_new	62	29	-0.01997436796214358
string_full700	intogen2024	63	123	-0.023763317200951817
string_full700	ot_all	63	119	-0.0171818236778033
string_full700	ot_nolit	63	118	-0.005816401726497666
string_full700	intogen_temporal_new	63	29	0.013204881041055105
string_full700	intogen2024	64	123	-0.011307308554421414
string_full700	ot_all	64	119	-0.015145561167566823
string_full700	ot_nolit	64	118	-0.02577972196519318
string_full700	intogen_temporal_new	64	29	0.02504600622179376
string_full700	intogen2024	65	123	-0.01634934325767612
string_full700	ot_all	65	119	-0.0028812702320952788
string_full700	ot_nolit	65	118	-0.017424271807004788
string_full700	intogen_temporal_new	65	29	-0.017663103010121528
string_full700	intogen2024	66	123	-0.012385462754431087
string_full700	ot_all	66	119	-0.008748234414759803
string_full700	ot_nolit	66	118	-0.016252403300070495
string_full700	intogen_temporal_new	66	29	-0.003017789072427002
string_full700	intogen2024	67	123	-0.012702253741594283
string_full700	ot_all	67	119	-0.008184895933520342
string_full700	ot_nolit	67	118	-0.013639939938276169
string_full700	intogen_temporal_new	67	29	-0.012766726547780771
string_full700	intogen2024	68	123	-0.012727543778384698
string_full700	ot_all	68	119	-0.019946304224763622
string_full700	ot_nolit	68	118	0.00320670873942408
string_full700	intogen_temporal_new	68	29	-0.01641436270428953
string_full700	intogen2024	69	123	-0.003038797578545527
string_full700	ot_all	69	119	-0.020050727943237256
string_full700	ot_nolit	69	118	-0.023449836824929182
string_full700	intogen_temporal_new	69	29	-0.01080598519037812
string_full700	intogen2024	70	123	0.008355029522790436
string_full700	ot_all	70	119	-0.020361251106066902
string_full700	ot_nolit	70	118	-0.01918623012948728
string_full700	intogen_temporal_new	70	29	-0.004463698900232349
string_full700	intogen2024	71	123	-0.008758339056867848
string_full700	ot_all	71	119	-0.012510236272402775
string_full700	ot_nolit	71	118	0.004658385093167627
string_full700	intogen_temporal_new	71	29	0.00021360031547112968
string_full700	intogen2024	72	123	-0.003406168639289442
string_full700	ot_all	72	119	-0.008068106248385276
string_full700	ot_nolit	72	118	-0.0034477313401412024
string_full700	intogen_temporal_new	72	29	0.03237414012180695
string_full700	intogen2024	73	123	-0.0008026259044515704
string_full700	ot_all	73	119	0.0007378360107942461
string_full700	ot_nolit	73	118	-0.0028714933981971447
string_full700	intogen_temporal_new	73	29	-0.01226284888051532
string_full700	intogen2024	74	123	-0.005985752391905019
string_full700	ot_all	74	119	-0.018344224543970444
string_full700	ot_nolit	74	118	-0.020775040031914882
string_full700	intogen_temporal_new	74	29	0.02001818341147088
string_full700	intogen2024	75	123	-6.122851012391184e-05
string_full700	ot_all	75	119	-0.022174926216398827
string_full700	ot_nolit	75	118	-0.004486621860472884
string_full700	intogen_temporal_new	75	29	0.02542939140340872
string_full700	intogen2024	76	123	-0.0020950798898951017
string_full700	ot_all	76	119	-0.01562096388588119
string_full700	ot_nolit	76	118	-0.0143325336184974
string_full700	intogen_temporal_new	76	29	-0.0009036936423784114
string_full700	intogen2024	77	123	-0.010768231454416521
string_full700	ot_all	77	119	-0.006514116437941864
string_full700	ot_nolit	77	118	-0.008365146469711537
string_full700	intogen_temporal_new	77	29	-0.019580028918196546
string_full700	intogen2024	78	123	-0.010958572257628307
string_full700	ot_all	78	119	-0.01607438266346417
string_full700	ot_nolit	78	118	-0.013756295676553454
string_full700	intogen_temporal_new	78	29	0.004387021863909157
string_full700	intogen2024	79	123	-0.0037389322812676484
string_full700	ot_all	79	119	-0.0016584135289170465
string_full700	ot_nolit	79	118	-0.015750965475590406
string_full700	intogen_temporal_new	79	29	-0.027872102703413226
string_full700	intogen2024	80	123	0.008497452361557079
string_full700	ot_all	80	119	-0.011298371539590235
string_full700	ot_nolit	80	118	-0.007592211922584746
string_full700	intogen_temporal_new	80	29	0.03053389125005479
string_full700	intogen2024	81	123	-0.013008396292214397
string_full700	ot_all	81	119	-0.004835092964589172
string_full700	ot_nolit	81	118	-0.003708146563904391
string_full700	intogen_temporal_new	81	29	0.003620251500679017
string_full700	intogen2024	82	123	-0.009856459075396118
string_full700	ot_all	82	119	-0.011320355480321398
string_full700	ot_nolit	82	118	-0.007534034053446215
string_full700	intogen_temporal_new	82	29	-0.03766485562809452
string_full700	intogen2024	83	123	-0.007529775690684137
string_full700	ot_all	83	119	-0.014835038004737289
string_full700	ot_nolit	83	118	-0.0256993810982874
string_full700	intogen_temporal_new	83	29	-0.01813411909039131
string_full700	intogen2024	84	123	-0.005120566922761416
string_full700	ot_all	84	119	-0.020047979950645778
string_full700	ot_nolit	84	118	-0.0006912084928608619
string_full700	intogen_temporal_new	84	29	0.010597861806072695
string_full700	intogen2024	85	123	0.0060749330479552555
string_full700	ot_all	85	119	-0.01724502750740564
string_full700	ot_nolit	85	118	0.0044866218604727726
string_full700	intogen_temporal_new	85	29	0.014497436796214291
string_full700	intogen2024	86	123	-0.009815196383790914
string_full700	ot_all	86	119	-0.011141735961879617
string_full700	ot_nolit	86	118	-0.02262703553282619
string_full700	intogen_temporal_new	86	29	0.008034658020417917
string_full700	intogen2024	87	123	-0.005509234856592049
string_full700	ot_all	87	119	-0.006415188704651187
string_full700	ot_nolit	87	118	-0.008880436167796102
string_full700	intogen_temporal_new	87	29	-0.03948319677518297
string_full700	intogen2024	88	123	-0.009531681760825417
string_full700	ot_all	88	119	-0.010397029969607008
string_full700	ot_nolit	88	118	-0.017945102254530942
string_full700	intogen_temporal_new	88	29	-0.0022619725715287142
string_full700	intogen2024	89	123	-0.008554687707977293
string_full700	ot_all	89	119	-0.014137047886518705
string_full700	ot_nolit	89	118	-0.007295781827450054
string_full700	intogen_temporal_new	89	29	-0.04619791438461218
string_full700	intogen2024	90	123	-0.0046174282960903534
string_full700	ot_all	90	119	-0.022427741534808643
string_full700	ot_nolit	90	118	-0.010262853153517604
string_full700	intogen_temporal_new	90	29	0.048629671822284504
string_full700	intogen2024	91	123	-0.004045074831887763
string_full700	ot_all	91	119	-0.013829272716280538
string_full700	ot_nolit	91	118	-0.021687878502446356
string_full700	intogen_temporal_new	91	29	-0.035276913639749496
string_full700	intogen2024	92	123	-0.013342490988760503
string_full700	ot_all	92	119	-0.015549516078504522
string_full700	ot_nolit	92	118	-0.018773444296075636
string_full700	intogen_temporal_new	92	29	0.035693160408360014
string_full700	intogen2024	93	123	0.00042460640716446285
string_full700	ot_all	93	119	-0.013680881116344246
string_full700	ot_nolit	93	118	-0.017186019581008627
string_full700	intogen_temporal_new	93	29	0.018320334750032807
string_full700	intogen2024	94	123	-0.029325794240260605
string_full700	ot_all	94	119	-0.005530335090216387
string_full700	ot_nolit	94	118	-0.01271186440677985
string_full700	intogen_temporal_new	94	29	-0.00927244446391795
string_full700	intogen2024	95	123	-0.0042340845805314276
string_full700	ot_all	95	119	-0.0038568076020465414
string_full700	ot_nolit	95	118	0.003453272089582682
string_full700	intogen_temporal_new	95	29	-0.01664439381325855
string_full700	intogen2024	96	123	-0.013948120817161014
string_full700	ot_all	96	119	-0.009836439480958914
string_full700	ot_nolit	96	118	-0.014750860201350968
string_full700	intogen_temporal_new	96	29	-0.02151886255093549
string_full700	intogen2024	97	123	-0.017931967138924754
string_full700	ot_all	97	119	-0.008261839726079967
string_full700	ot_nolit	97	118	-0.01242651581052856
string_full700	intogen_temporal_new	97	29	-0.012701003373789654
string_full700	intogen2024	98	123	-0.008646530473163216
string_full700	ot_all	98	119	-0.022823452467971905
string_full700	ot_nolit	98	118	-0.00010111867731243951
string_full700	intogen_temporal_new	98	29	-0.03087346098234245
string_full700	intogen2024	99	123	-0.02105595220981682
string_full700	ot_all	99	119	-0.01138905529510681
string_full700	ot_nolit	99	118	0.004819066826978857
string_full700	intogen_temporal_new	99	29	-0.020642553564386823
