gene	fold	y	label_id	universe_id	transfer_id	role
PKD1	0	1	ot_nolit	native_reactome	ot_all__to__ot_nolit	target
PRKCA	0	1	ot_nolit	native_reactome	ot_all__to__ot_nolit	target
TRAK1	0	1	ot_nolit	native_reactome	ot_all__to__ot_nolit	target
HDAC5	0	1	ot_nolit	native_reactome	ot_all__to__ot_nolit	target
RXRA	0	1	ot_nolit	native_reactome	ot_all__to__ot_nolit	target
HDAC7	0	1	ot_nolit	native_reactome	ot_all__to__ot_nolit	target
TGFB3	0	1	ot_nolit	native_reactome	ot_all__to__ot_nolit	target
PPP2R5D	0	1	ot_nolit	native_reactome	ot_all__to__ot_nolit	target
RAD51	0	1	ot_nolit	native_reactome	ot_all__to__ot_nolit	target
LOXL1	0	1	ot_nolit	native_reactome	ot_all__to__ot_nolit	target
TNS3	0	1	ot_nolit	native_reactome	ot_all__to__ot_nolit	target
ATG7	0	1	ot_nolit	native_reactome	ot_all__to__ot_nolit	target
PPP2R5A	0	1	ot_nolit	native_reactome	ot_all__to__ot_nolit	target
RXRB	0	1	ot_nolit	native_reactome	ot_all__to__ot_nolit	target
PPP2CB	0	1	ot_nolit	native_reactome	ot_all__to__ot_nolit	target
FLG	0	1	ot_nolit	native_reactome	ot_all__to__ot_nolit	target
EEF2	0	1	ot_nolit	native_reactome	ot_all__to__ot_nolit	target
IL2RB	0	1	ot_nolit	native_reactome	ot_all__to__ot_nolit	target
WRN	0	1	ot_nolit	native_reactome	ot_all__to__ot_nolit	target
CTNNA1	0	1	ot_nolit	native_reactome	ot_all__to__ot_nolit	target
BACH2	0	1	ot_nolit	native_reactome	ot_all__to__ot_nolit	target
IL2RG	0	1	ot_nolit	native_reactome	ot_all__to__ot_nolit	target
MAP2K4	0	1	ot_nolit	native_reactome	ot_all__to__ot_nolit	target
PRKCZ	0	1	ot_nolit	native_reactome	ot_all__to__ot_nolit	target
RMI1	0	1	ot_nolit	native_reactome	ot_all__to__ot_nolit	target
CSNK1A1	0	1	ot_nolit	native_reactome	ot_all__to__ot_nolit	target
ERCC6	0	1	ot_nolit	native_reactome	ot_all__to__ot_nolit	target
KCNQ2	0	1	ot_nolit	native_reactome	ot_all__to__ot_nolit	target
CCR4	0	1	ot_nolit	native_reactome	ot_all__to__ot_nolit	target
EPHB2	0	1	ot_nolit	native_reactome	ot_all__to__ot_nolit	target
VPS53	0	1	ot_nolit	native_reactome	ot_all__to__ot_nolit	target
MAPK9	0	1	ot_nolit	native_reactome	ot_all__to__ot_nolit	target
PRKCG	0	1	ot_nolit	native_reactome	ot_all__to__ot_nolit	target
PPP2CA	0	1	ot_nolit	native_reactome	ot_all__to__ot_nolit	target
RAD51B	0	1	ot_nolit	native_reactome	ot_all__to__ot_nolit	target
PAK6	0	1	ot_nolit	native_reactome	ot_all__to__ot_nolit	target
SGK3	0	1	ot_nolit	native_reactome	ot_all__to__ot_nolit	target
STAT1	0	1	ot_nolit	native_reactome	ot_all__to__ot_nolit	target
PGF	0	1	ot_nolit	native_reactome	ot_all__to__ot_nolit	target
TOP3A	0	1	ot_nolit	native_reactome	ot_all__to__ot_nolit	target
ITGA11	0	1	ot_nolit	native_reactome	ot_all__to__ot_nolit	target
DCTN1	0	1	ot_nolit	native_reactome	ot_all__to__ot_nolit	target
TGFB2	0	1	ot_nolit	native_reactome	ot_all__to__ot_nolit	target
KAT5	0	1	ot_nolit	native_reactome	ot_all__to__ot_nolit	target
KRT5	0	1	ot_nolit	native_reactome	ot_all__to__ot_nolit	target
PRKCI	0	1	ot_nolit	native_reactome	ot_all__to__ot_nolit	target
XRCC2	0	1	ot_nolit	native_reactome	ot_all__to__ot_nolit	target
RBBP8	0	1	ot_nolit	native_reactome	ot_all__to__ot_nolit	target
NCOR1	0	1	ot_nolit	native_reactome	ot_all__to__ot_nolit	target
KCNQ3	0	1	ot_nolit	native_reactome	ot_all__to__ot_nolit	target
RPS6KA3	0	1	ot_nolit	native_reactome	ot_all__to__ot_nolit	target
RMI2	0	1	ot_nolit	native_reactome	ot_all__to__ot_nolit	target
PPP2R5C	0	1	ot_nolit	native_reactome	ot_all__to__ot_nolit	target
THRB	0	1	ot_nolit	native_reactome	ot_all__to__ot_nolit	target
IL2RA	0	1	ot_nolit	native_reactome	ot_all__to__ot_nolit	target
STN1	0	1	ot_nolit	native_reactome	ot_all__to__ot_nolit	target
PPP2R5B	0	1	ot_nolit	native_reactome	ot_all__to__ot_nolit	target
DLL1	0	1	ot_nolit	native_reactome	ot_all__to__ot_nolit	target
GFAP	0	1	ot_nolit	native_reactome	ot_all__to__ot_nolit	target
F3	0	1	ot_nolit	native_reactome	ot_all__to__ot_nolit	target
THRA	0	1	ot_nolit	native_reactome	ot_all__to__ot_nolit	target
INHBB	0	1	ot_nolit	native_reactome	ot_all__to__ot_nolit	target
TENT4A	0	1	ot_nolit	native_reactome	ot_all__to__ot_nolit	target
POLK	0	1	ot_nolit	native_reactome	ot_all__to__ot_nolit	target
SMAD7	0	1	ot_nolit	native_reactome	ot_all__to__ot_nolit	target
HDAC4	0	1	ot_nolit	native_reactome	ot_all__to__ot_nolit	target
PPM1D	0	1	ot_nolit	native_reactome	ot_all__to__ot_nolit	target
ERCC1	0	1	ot_nolit	native_reactome	ot_all__to__ot_nolit	target
RXRG	0	1	ot_nolit	native_reactome	ot_all__to__ot_nolit	target
NEIL1	0	1	ot_nolit	native_reactome	ot_all__to__ot_nolit	target
AVPR2	0	1	ot_nolit	native_reactome	ot_all__to__ot_nolit	target
PRKCQ	0	1	ot_nolit	native_reactome	ot_all__to__ot_nolit	target
CSNK1E	0	1	ot_nolit	native_reactome	ot_all__to__ot_nolit	target
PPP1R14A	0	1	ot_nolit	native_reactome	ot_all__to__ot_nolit	target
MAP3K1	0	1	ot_nolit	native_reactome	ot_all__to__ot_nolit	target
PPP2R1A	0	1	ot_nolit	native_reactome	ot_all__to__ot_nolit	target
CTSS	0	1	ot_nolit	native_reactome	ot_all__to__ot_nolit	target
ADD2	0	0	ot_nolit	native_reactome	ot_all__to__ot_nolit	background
GLP2R	0	0	ot_nolit	native_reactome	ot_all__to__ot_nolit	background
CDK8	0	0	ot_nolit	native_reactome	ot_all__to__ot_nolit	background
HLTF	0	0	ot_nolit	native_reactome	ot_all__to__ot_nolit	background
GIPR	0	0	ot_nolit	native_reactome	ot_all__to__ot_nolit	background
FRAT2	0	0	ot_nolit	native_reactome	ot_all__to__ot_nolit	background
MYL9	0	0	ot_nolit	native_reactome	ot_all__to__ot_nolit	background
IFNGR2	0	0	ot_nolit	native_reactome	ot_all__to__ot_nolit	background
CRTC2	0	0	ot_nolit	native_reactome	ot_all__to__ot_nolit	background
SIRT3	0	0	ot_nolit	native_reactome	ot_all__to__ot_nolit	background
COL1A1	0	0	ot_nolit	native_reactome	ot_all__to__ot_nolit	background
NCF1	0	0	ot_nolit	native_reactome	ot_all__to__ot_nolit	background
CDC45	0	0	ot_nolit	native_reactome	ot_all__to__ot_nolit	background
JARID2	0	0	ot_nolit	native_reactome	ot_all__to__ot_nolit	background
TNRC6A	0	0	ot_nolit	native_reactome	ot_all__to__ot_nolit	background
GPNMB	0	0	ot_nolit	native_reactome	ot_all__to__ot_nolit	background
GRB10	0	0	ot_nolit	native_reactome	ot_all__to__ot_nolit	background
NCR1	0	0	ot_nolit	native_reactome	ot_all__to__ot_nolit	background
CHM	0	0	ot_nolit	native_reactome	ot_all__to__ot_nolit	background
DENND4B	0	0	ot_nolit	native_reactome	ot_all__to__ot_nolit	background
ADAMTS13	0	0	ot_nolit	native_reactome	ot_all__to__ot_nolit	background
OTUD3	0	0	ot_nolit	native_reactome	ot_all__to__ot_nolit	background
BMAL1	0	0	ot_nolit	native_reactome	ot_all__to__ot_nolit	background
USP34	0	0	ot_nolit	native_reactome	ot_all__to__ot_nolit	background
UQCC3	0	0	ot_nolit	native_reactome	ot_all__to__ot_nolit	background
SIAH1	0	0	ot_nolit	native_reactome	ot_all__to__ot_nolit	background
IL1RAPL1	0	0	ot_nolit	native_reactome	ot_all__to__ot_nolit	background
LEP	0	0	ot_nolit	native_reactome	ot_all__to__ot_nolit	background
PPP6R1	0	0	ot_nolit	native_reactome	ot_all__to__ot_nolit	background
NOP58	0	0	ot_nolit	native_reactome	ot_all__to__ot_nolit	background
TNKS	0	0	ot_nolit	native_reactome	ot_all__to__ot_nolit	background
GBP1	0	0	ot_nolit	native_reactome	ot_all__to__ot_nolit	background
WDR26	0	0	ot_nolit	native_reactome	ot_all__to__ot_nolit	background
IL38	0	0	ot_nolit	native_reactome	ot_all__to__ot_nolit	background
SLIT1	0	0	ot_nolit	native_reactome	ot_all__to__ot_nolit	background
ACAN	0	0	ot_nolit	native_reactome	ot_all__to__ot_nolit	background
PARD6G	0	0	ot_nolit	native_reactome	ot_all__to__ot_nolit	background
RMND5B	0	0	ot_nolit	native_reactome	ot_all__to__ot_nolit	background
GABARAPL2	0	0	ot_nolit	native_reactome	ot_all__to__ot_nolit	background
FERMT2	0	0	ot_nolit	native_reactome	ot_all__to__ot_nolit	background
RSU1	0	0	ot_nolit	native_reactome	ot_all__to__ot_nolit	background
NAT8B	0	0	ot_nolit	native_reactome	ot_all__to__ot_nolit	background
HGS	0	0	ot_nolit	native_reactome	ot_all__to__ot_nolit	background
TCF7	0	0	ot_nolit	native_reactome	ot_all__to__ot_nolit	background
AVP	0	0	ot_nolit	native_reactome	ot_all__to__ot_nolit	background
MYH9	0	0	ot_nolit	native_reactome	ot_all__to__ot_nolit	background
SOX9	0	0	ot_nolit	native_reactome	ot_all__to__ot_nolit	background
CASP8AP2	0	0	ot_nolit	native_reactome	ot_all__to__ot_nolit	background
KCNJ12	0	0	ot_nolit	native_reactome	ot_all__to__ot_nolit	background
POLM	0	0	ot_nolit	native_reactome	ot_all__to__ot_nolit	background
ACTN4	0	0	ot_nolit	native_reactome	ot_all__to__ot_nolit	background
TREM1	0	0	ot_nolit	native_reactome	ot_all__to__ot_nolit	background
PELO	0	0	ot_nolit	native_reactome	ot_all__to__ot_nolit	background
BACH1	0	0	ot_nolit	native_reactome	ot_all__to__ot_nolit	background
CRY1	0	0	ot_nolit	native_reactome	ot_all__to__ot_nolit	background
PARG	0	0	ot_nolit	native_reactome	ot_all__to__ot_nolit	background
XRCC1	0	0	ot_nolit	native_reactome	ot_all__to__ot_nolit	background
CD59	0	0	ot_nolit	native_reactome	ot_all__to__ot_nolit	background
PPP2R2A	0	0	ot_nolit	native_reactome	ot_all__to__ot_nolit	background
POU4F2	0	0	ot_nolit	native_reactome	ot_all__to__ot_nolit	background
SPHK1	0	0	ot_nolit	native_reactome	ot_all__to__ot_nolit	background
MAGT1	0	0	ot_nolit	native_reactome	ot_all__to__ot_nolit	background
GNGT1	0	0	ot_nolit	native_reactome	ot_all__to__ot_nolit	background
RAP1GAP	0	0	ot_nolit	native_reactome	ot_all__to__ot_nolit	background
CD4	0	0	ot_nolit	native_reactome	ot_all__to__ot_nolit	background
EEF1A1	0	0	ot_nolit	native_reactome	ot_all__to__ot_nolit	background
TRPC4	0	0	ot_nolit	native_reactome	ot_all__to__ot_nolit	background
STX6	0	0	ot_nolit	native_reactome	ot_all__to__ot_nolit	background
BRD7	0	0	ot_nolit	native_reactome	ot_all__to__ot_nolit	background
LBP	0	0	ot_nolit	native_reactome	ot_all__to__ot_nolit	background
CD55	0	0	ot_nolit	native_reactome	ot_all__to__ot_nolit	background
GNA13	0	0	ot_nolit	native_reactome	ot_all__to__ot_nolit	background
EGR1	0	0	ot_nolit	native_reactome	ot_all__to__ot_nolit	background
TAS1R2	0	0	ot_nolit	native_reactome	ot_all__to__ot_nolit	background
RRAGD	0	0	ot_nolit	native_reactome	ot_all__to__ot_nolit	background
ADM2	0	0	ot_nolit	native_reactome	ot_all__to__ot_nolit	background
C8A	0	0	ot_nolit	native_reactome	ot_all__to__ot_nolit	background
TRIM56	0	0	ot_nolit	native_reactome	ot_all__to__ot_nolit	background
NELFCD	0	0	ot_nolit	native_reactome	ot_all__to__ot_nolit	background
SUDS3	0	0	ot_nolit	native_reactome	ot_all__to__ot_nolit	background
CAV3	0	0	ot_nolit	native_reactome	ot_all__to__ot_nolit	background
ADAM21	0	0	ot_nolit	native_reactome	ot_all__to__ot_nolit	background
RALGAPA2	0	0	ot_nolit	native_reactome	ot_all__to__ot_nolit	background
CFI	0	0	ot_nolit	native_reactome	ot_all__to__ot_nolit	background
TNFRSF11A	0	0	ot_nolit	native_reactome	ot_all__to__ot_nolit	background
MSRB3	0	0	ot_nolit	native_reactome	ot_all__to__ot_nolit	background
MDK	0	0	ot_nolit	native_reactome	ot_all__to__ot_nolit	background
IKBKB	0	0	ot_nolit	native_reactome	ot_all__to__ot_nolit	background
ME1	0	0	ot_nolit	native_reactome	ot_all__to__ot_nolit	background
CBLIF	0	0	ot_nolit	native_reactome	ot_all__to__ot_nolit	background
TRPC3	0	0	ot_nolit	native_reactome	ot_all__to__ot_nolit	background
TNFSF15	0	0	ot_nolit	native_reactome	ot_all__to__ot_nolit	background
HEXB	0	0	ot_nolit	native_reactome	ot_all__to__ot_nolit	background
RBM7	0	0	ot_nolit	native_reactome	ot_all__to__ot_nolit	background
RHOG	0	0	ot_nolit	native_reactome	ot_all__to__ot_nolit	background
NRTN	0	0	ot_nolit	native_reactome	ot_all__to__ot_nolit	background
WEE1	0	0	ot_nolit	native_reactome	ot_all__to__ot_nolit	background
ZNF143	0	0	ot_nolit	native_reactome	ot_all__to__ot_nolit	background
TFEB	0	0	ot_nolit	native_reactome	ot_all__to__ot_nolit	background
DMP1	0	0	ot_nolit	native_reactome	ot_all__to__ot_nolit	background
HNRNPC	0	0	ot_nolit	native_reactome	ot_all__to__ot_nolit	background
GGA3	0	0	ot_nolit	native_reactome	ot_all__to__ot_nolit	background
CCNT1	0	0	ot_nolit	native_reactome	ot_all__to__ot_nolit	background
RAD1	0	0	ot_nolit	native_reactome	ot_all__to__ot_nolit	background
TEX10	0	0	ot_nolit	native_reactome	ot_all__to__ot_nolit	background
GIT1	0	0	ot_nolit	native_reactome	ot_all__to__ot_nolit	background
GRIA1	0	0	ot_nolit	native_reactome	ot_all__to__ot_nolit	background
USP5	0	0	ot_nolit	native_reactome	ot_all__to__ot_nolit	background
FOXL2	0	0	ot_nolit	native_reactome	ot_all__to__ot_nolit	background
TCN2	0	0	ot_nolit	native_reactome	ot_all__to__ot_nolit	background
PDCD1LG2	0	0	ot_nolit	native_reactome	ot_all__to__ot_nolit	background
KDM8	0	0	ot_nolit	native_reactome	ot_all__to__ot_nolit	background
WASL	0	0	ot_nolit	native_reactome	ot_all__to__ot_nolit	background
TRBV7-9	0	0	ot_nolit	native_reactome	ot_all__to__ot_nolit	background
RNF168	0	0	ot_nolit	native_reactome	ot_all__to__ot_nolit	background
PPP1R12B	0	0	ot_nolit	native_reactome	ot_all__to__ot_nolit	background
CHST10	0	0	ot_nolit	native_reactome	ot_all__to__ot_nolit	background
KMT2B	0	0	ot_nolit	native_reactome	ot_all__to__ot_nolit	background
ATP1B4	0	0	ot_nolit	native_reactome	ot_all__to__ot_nolit	background
XPC	0	0	ot_nolit	native_reactome	ot_all__to__ot_nolit	background
PLAUR	0	0	ot_nolit	native_reactome	ot_all__to__ot_nolit	background
MC2R	0	0	ot_nolit	native_reactome	ot_all__to__ot_nolit	background
VPS29	0	0	ot_nolit	native_reactome	ot_all__to__ot_nolit	background
PARD3	0	0	ot_nolit	native_reactome	ot_all__to__ot_nolit	background
LTC4S	0	0	ot_nolit	native_reactome	ot_all__to__ot_nolit	background
DHX36	0	0	ot_nolit	native_reactome	ot_all__to__ot_nolit	background
STRADA	0	0	ot_nolit	native_reactome	ot_all__to__ot_nolit	background
PYGM	0	0	ot_nolit	native_reactome	ot_all__to__ot_nolit	background
SEC31A	0	0	ot_nolit	native_reactome	ot_all__to__ot_nolit	background
SLIT2	0	0	ot_nolit	native_reactome	ot_all__to__ot_nolit	background
RNASEL	0	0	ot_nolit	native_reactome	ot_all__to__ot_nolit	background
CACNG8	0	0	ot_nolit	native_reactome	ot_all__to__ot_nolit	background
PLA2G4A	0	0	ot_nolit	native_reactome	ot_all__to__ot_nolit	background
UBE2D1	0	0	ot_nolit	native_reactome	ot_all__to__ot_nolit	background
MAGED1	0	0	ot_nolit	native_reactome	ot_all__to__ot_nolit	background
TIMP1	0	0	ot_nolit	native_reactome	ot_all__to__ot_nolit	background
TOPORS	0	0	ot_nolit	native_reactome	ot_all__to__ot_nolit	background
RILP	0	0	ot_nolit	native_reactome	ot_all__to__ot_nolit	background
MBL2	0	0	ot_nolit	native_reactome	ot_all__to__ot_nolit	background
RASA1	0	0	ot_nolit	native_reactome	ot_all__to__ot_nolit	background
SCUBE3	0	0	ot_nolit	native_reactome	ot_all__to__ot_nolit	background
PAFAH1B2	0	0	ot_nolit	native_reactome	ot_all__to__ot_nolit	background
EME1	0	0	ot_nolit	native_reactome	ot_all__to__ot_nolit	background
GNAT3	0	0	ot_nolit	native_reactome	ot_all__to__ot_nolit	background
ITGAE	0	0	ot_nolit	native_reactome	ot_all__to__ot_nolit	background
SEC24C	0	0	ot_nolit	native_reactome	ot_all__to__ot_nolit	background
INHA	0	0	ot_nolit	native_reactome	ot_all__to__ot_nolit	background
ACTL6B	0	0	ot_nolit	native_reactome	ot_all__to__ot_nolit	background
EGR2	0	0	ot_nolit	native_reactome	ot_all__to__ot_nolit	background
H2BC18	0	0	ot_nolit	native_reactome	ot_all__to__ot_nolit	background
PRKAG3	0	0	ot_nolit	native_reactome	ot_all__to__ot_nolit	background
NECTIN3	0	0	ot_nolit	native_reactome	ot_all__to__ot_nolit	background
IL12A	0	0	ot_nolit	native_reactome	ot_all__to__ot_nolit	background
CCNE2	0	0	ot_nolit	native_reactome	ot_all__to__ot_nolit	background
FGFBP1	0	0	ot_nolit	native_reactome	ot_all__to__ot_nolit	background
GABBR1	0	0	ot_nolit	native_reactome	ot_all__to__ot_nolit	background
OCRL	0	0	ot_nolit	native_reactome	ot_all__to__ot_nolit	background
SNX3	0	0	ot_nolit	native_reactome	ot_all__to__ot_nolit	background
FKBP6	0	0	ot_nolit	native_reactome	ot_all__to__ot_nolit	background
ALYREF	0	0	ot_nolit	native_reactome	ot_all__to__ot_nolit	background
CFH	0	0	ot_nolit	native_reactome	ot_all__to__ot_nolit	background
MMP9	0	0	ot_nolit	native_reactome	ot_all__to__ot_nolit	background
PIM1	0	0	ot_nolit	native_reactome	ot_all__to__ot_nolit	background
IL1RN	0	0	ot_nolit	native_reactome	ot_all__to__ot_nolit	background
ARL2	0	0	ot_nolit	native_reactome	ot_all__to__ot_nolit	background
CEBPD	0	0	ot_nolit	native_reactome	ot_all__to__ot_nolit	background
GLUD1	0	0	ot_nolit	native_reactome	ot_all__to__ot_nolit	background
WNT8A	0	0	ot_nolit	native_reactome	ot_all__to__ot_nolit	background
COLEC11	0	0	ot_nolit	native_reactome	ot_all__to__ot_nolit	background
NAPA	0	0	ot_nolit	native_reactome	ot_all__to__ot_nolit	background
LIPE	0	0	ot_nolit	native_reactome	ot_all__to__ot_nolit	background
APIP	0	0	ot_nolit	native_reactome	ot_all__to__ot_nolit	background
THBS3	0	0	ot_nolit	native_reactome	ot_all__to__ot_nolit	background
CYSLTR1	0	0	ot_nolit	native_reactome	ot_all__to__ot_nolit	background
RBBP5	0	0	ot_nolit	native_reactome	ot_all__to__ot_nolit	background
HINT2	0	0	ot_nolit	native_reactome	ot_all__to__ot_nolit	background
C9	0	0	ot_nolit	native_reactome	ot_all__to__ot_nolit	background
KBTBD7	0	0	ot_nolit	native_reactome	ot_all__to__ot_nolit	background
TNFAIP3	0	0	ot_nolit	native_reactome	ot_all__to__ot_nolit	background
TEAD1	0	0	ot_nolit	native_reactome	ot_all__to__ot_nolit	background
PPIA	0	0	ot_nolit	native_reactome	ot_all__to__ot_nolit	background
CDK13	0	0	ot_nolit	native_reactome	ot_all__to__ot_nolit	background
ACTN2	0	0	ot_nolit	native_reactome	ot_all__to__ot_nolit	background
GMNN	0	0	ot_nolit	native_reactome	ot_all__to__ot_nolit	background
PRSS1	0	0	ot_nolit	native_reactome	ot_all__to__ot_nolit	background
LSR	0	0	ot_nolit	native_reactome	ot_all__to__ot_nolit	background
GDF1	0	0	ot_nolit	native_reactome	ot_all__to__ot_nolit	background
PROCR	0	0	ot_nolit	native_reactome	ot_all__to__ot_nolit	background
PPP3R1	0	0	ot_nolit	native_reactome	ot_all__to__ot_nolit	background
ESPL1	0	0	ot_nolit	native_reactome	ot_all__to__ot_nolit	background
RAD9A	0	0	ot_nolit	native_reactome	ot_all__to__ot_nolit	background
CDK7	0	0	ot_nolit	native_reactome	ot_all__to__ot_nolit	background
RABEPK	0	0	ot_nolit	native_reactome	ot_all__to__ot_nolit	background
CXXC1	0	0	ot_nolit	native_reactome	ot_all__to__ot_nolit	background
FOLR1	0	0	ot_nolit	native_reactome	ot_all__to__ot_nolit	background
ALCAM	0	0	ot_nolit	native_reactome	ot_all__to__ot_nolit	background
VAV3	0	0	ot_nolit	native_reactome	ot_all__to__ot_nolit	background
TRIM33	0	0	ot_nolit	native_reactome	ot_all__to__ot_nolit	background
VAV2	0	0	ot_nolit	native_reactome	ot_all__to__ot_nolit	background
PPP4C	0	0	ot_nolit	native_reactome	ot_all__to__ot_nolit	background
PKD1	1	1	ot_nolit	native_reactome	ot_all__to__ot_nolit	target
PRKCA	1	1	ot_nolit	native_reactome	ot_all__to__ot_nolit	target
TRAK1	1	1	ot_nolit	native_reactome	ot_all__to__ot_nolit	target
HDAC5	1	1	ot_nolit	native_reactome	ot_all__to__ot_nolit	target
RXRA	1	1	ot_nolit	native_reactome	ot_all__to__ot_nolit	target
HDAC7	1	1	ot_nolit	native_reactome	ot_all__to__ot_nolit	target
TGFB3	1	1	ot_nolit	native_reactome	ot_all__to__ot_nolit	target
PPP2R5D	1	1	ot_nolit	native_reactome	ot_all__to__ot_nolit	target
RAD51	1	1	ot_nolit	native_reactome	ot_all__to__ot_nolit	target
LOXL1	1	1	ot_nolit	native_reactome	ot_all__to__ot_nolit	target
TNS3	1	1	ot_nolit	native_reactome	ot_all__to__ot_nolit	target
ATG7	1	1	ot_nolit	native_reactome	ot_all__to__ot_nolit	target
PPP2R5A	1	1	ot_nolit	native_reactome	ot_all__to__ot_nolit	target
RXRB	1	1	ot_nolit	native_reactome	ot_all__to__ot_nolit	target
PPP2CB	1	1	ot_nolit	native_reactome	ot_all__to__ot_nolit	target
FLG	1	1	ot_nolit	native_reactome	ot_all__to__ot_nolit	target
EEF2	1	1	ot_nolit	native_reactome	ot_all__to__ot_nolit	target
IL2RB	1	1	ot_nolit	native_reactome	ot_all__to__ot_nolit	target
WRN	1	1	ot_nolit	native_reactome	ot_all__to__ot_nolit	target
CTNNA1	1	1	ot_nolit	native_reactome	ot_all__to__ot_nolit	target
BACH2	1	1	ot_nolit	native_reactome	ot_all__to__ot_nolit	target
IL2RG	1	1	ot_nolit	native_reactome	ot_all__to__ot_nolit	target
MAP2K4	1	1	ot_nolit	native_reactome	ot_all__to__ot_nolit	target
PRKCZ	1	1	ot_nolit	native_reactome	ot_all__to__ot_nolit	target
RMI1	1	1	ot_nolit	native_reactome	ot_all__to__ot_nolit	target
CSNK1A1	1	1	ot_nolit	native_reactome	ot_all__to__ot_nolit	target
ERCC6	1	1	ot_nolit	native_reactome	ot_all__to__ot_nolit	target
KCNQ2	1	1	ot_nolit	native_reactome	ot_all__to__ot_nolit	target
CCR4	1	1	ot_nolit	native_reactome	ot_all__to__ot_nolit	target
EPHB2	1	1	ot_nolit	native_reactome	ot_all__to__ot_nolit	target
VPS53	1	1	ot_nolit	native_reactome	ot_all__to__ot_nolit	target
MAPK9	1	1	ot_nolit	native_reactome	ot_all__to__ot_nolit	target
PRKCG	1	1	ot_nolit	native_reactome	ot_all__to__ot_nolit	target
PPP2CA	1	1	ot_nolit	native_reactome	ot_all__to__ot_nolit	target
RAD51B	1	1	ot_nolit	native_reactome	ot_all__to__ot_nolit	target
PAK6	1	1	ot_nolit	native_reactome	ot_all__to__ot_nolit	target
SGK3	1	1	ot_nolit	native_reactome	ot_all__to__ot_nolit	target
STAT1	1	1	ot_nolit	native_reactome	ot_all__to__ot_nolit	target
PGF	1	1	ot_nolit	native_reactome	ot_all__to__ot_nolit	target
TOP3A	1	1	ot_nolit	native_reactome	ot_all__to__ot_nolit	target
ITGA11	1	1	ot_nolit	native_reactome	ot_all__to__ot_nolit	target
DCTN1	1	1	ot_nolit	native_reactome	ot_all__to__ot_nolit	target
TGFB2	1	1	ot_nolit	native_reactome	ot_all__to__ot_nolit	target
KAT5	1	1	ot_nolit	native_reactome	ot_all__to__ot_nolit	target
KRT5	1	1	ot_nolit	native_reactome	ot_all__to__ot_nolit	target
PRKCI	1	1	ot_nolit	native_reactome	ot_all__to__ot_nolit	target
XRCC2	1	1	ot_nolit	native_reactome	ot_all__to__ot_nolit	target
RBBP8	1	1	ot_nolit	native_reactome	ot_all__to__ot_nolit	target
NCOR1	1	1	ot_nolit	native_reactome	ot_all__to__ot_nolit	target
KCNQ3	1	1	ot_nolit	native_reactome	ot_all__to__ot_nolit	target
RPS6KA3	1	1	ot_nolit	native_reactome	ot_all__to__ot_nolit	target
RMI2	1	1	ot_nolit	native_reactome	ot_all__to__ot_nolit	target
PPP2R5C	1	1	ot_nolit	native_reactome	ot_all__to__ot_nolit	target
THRB	1	1	ot_nolit	native_reactome	ot_all__to__ot_nolit	target
IL2RA	1	1	ot_nolit	native_reactome	ot_all__to__ot_nolit	target
STN1	1	1	ot_nolit	native_reactome	ot_all__to__ot_nolit	target
PPP2R5B	1	1	ot_nolit	native_reactome	ot_all__to__ot_nolit	target
DLL1	1	1	ot_nolit	native_reactome	ot_all__to__ot_nolit	target
GFAP	1	1	ot_nolit	native_reactome	ot_all__to__ot_nolit	target
F3	1	1	ot_nolit	native_reactome	ot_all__to__ot_nolit	target
THRA	1	1	ot_nolit	native_reactome	ot_all__to__ot_nolit	target
INHBB	1	1	ot_nolit	native_reactome	ot_all__to__ot_nolit	target
TENT4A	1	1	ot_nolit	native_reactome	ot_all__to__ot_nolit	target
POLK	1	1	ot_nolit	native_reactome	ot_all__to__ot_nolit	target
SMAD7	1	1	ot_nolit	native_reactome	ot_all__to__ot_nolit	target
HDAC4	1	1	ot_nolit	native_reactome	ot_all__to__ot_nolit	target
PPM1D	1	1	ot_nolit	native_reactome	ot_all__to__ot_nolit	target
ERCC1	1	1	ot_nolit	native_reactome	ot_all__to__ot_nolit	target
RXRG	1	1	ot_nolit	native_reactome	ot_all__to__ot_nolit	target
NEIL1	1	1	ot_nolit	native_reactome	ot_all__to__ot_nolit	target
AVPR2	1	1	ot_nolit	native_reactome	ot_all__to__ot_nolit	target
PRKCQ	1	1	ot_nolit	native_reactome	ot_all__to__ot_nolit	target
CSNK1E	1	1	ot_nolit	native_reactome	ot_all__to__ot_nolit	target
PPP1R14A	1	1	ot_nolit	native_reactome	ot_all__to__ot_nolit	target
MAP3K1	1	1	ot_nolit	native_reactome	ot_all__to__ot_nolit	target
PPP2R1A	1	1	ot_nolit	native_reactome	ot_all__to__ot_nolit	target
CTSS	1	1	ot_nolit	native_reactome	ot_all__to__ot_nolit	target
TBC1D1	1	0	ot_nolit	native_reactome	ot_all__to__ot_nolit	background
IKZF3	1	0	ot_nolit	native_reactome	ot_all__to__ot_nolit	background
GBE1	1	0	ot_nolit	native_reactome	ot_all__to__ot_nolit	background
PPP1CC	1	0	ot_nolit	native_reactome	ot_all__to__ot_nolit	background
MIA2	1	0	ot_nolit	native_reactome	ot_all__to__ot_nolit	background
IRF5	1	0	ot_nolit	native_reactome	ot_all__to__ot_nolit	background
C1QC	1	0	ot_nolit	native_reactome	ot_all__to__ot_nolit	background
GET4	1	0	ot_nolit	native_reactome	ot_all__to__ot_nolit	background
UNG	1	0	ot_nolit	native_reactome	ot_all__to__ot_nolit	background
LRP8	1	0	ot_nolit	native_reactome	ot_all__to__ot_nolit	background
ACSS2	1	0	ot_nolit	native_reactome	ot_all__to__ot_nolit	background
VAMP3	1	0	ot_nolit	native_reactome	ot_all__to__ot_nolit	background
DAD1	1	0	ot_nolit	native_reactome	ot_all__to__ot_nolit	background
NGEF	1	0	ot_nolit	native_reactome	ot_all__to__ot_nolit	background
CACNG4	1	0	ot_nolit	native_reactome	ot_all__to__ot_nolit	background
PIN1	1	0	ot_nolit	native_reactome	ot_all__to__ot_nolit	background
CFL1	1	0	ot_nolit	native_reactome	ot_all__to__ot_nolit	background
BCL10	1	0	ot_nolit	native_reactome	ot_all__to__ot_nolit	background
PSG1	1	0	ot_nolit	native_reactome	ot_all__to__ot_nolit	background
ARPP19	1	0	ot_nolit	native_reactome	ot_all__to__ot_nolit	background
USP26	1	0	ot_nolit	native_reactome	ot_all__to__ot_nolit	background
BORA	1	0	ot_nolit	native_reactome	ot_all__to__ot_nolit	background
ARMC8	1	0	ot_nolit	native_reactome	ot_all__to__ot_nolit	background
TLR10	1	0	ot_nolit	native_reactome	ot_all__to__ot_nolit	background
WDR18	1	0	ot_nolit	native_reactome	ot_all__to__ot_nolit	background
IKBKE	1	0	ot_nolit	native_reactome	ot_all__to__ot_nolit	background
STAM2	1	0	ot_nolit	native_reactome	ot_all__to__ot_nolit	background
NRP1	1	0	ot_nolit	native_reactome	ot_all__to__ot_nolit	background
ILF2	1	0	ot_nolit	native_reactome	ot_all__to__ot_nolit	background
POMT2	1	0	ot_nolit	native_reactome	ot_all__to__ot_nolit	background
TARBP2	1	0	ot_nolit	native_reactome	ot_all__to__ot_nolit	background
FMNL1	1	0	ot_nolit	native_reactome	ot_all__to__ot_nolit	background
DSN1	1	0	ot_nolit	native_reactome	ot_all__to__ot_nolit	background
RAD51AP1	1	0	ot_nolit	native_reactome	ot_all__to__ot_nolit	background
GFRA1	1	0	ot_nolit	native_reactome	ot_all__to__ot_nolit	background
RIPK3	1	0	ot_nolit	native_reactome	ot_all__to__ot_nolit	background
SYTL2	1	0	ot_nolit	native_reactome	ot_all__to__ot_nolit	background
DKK1	1	0	ot_nolit	native_reactome	ot_all__to__ot_nolit	background
FDX1	1	0	ot_nolit	native_reactome	ot_all__to__ot_nolit	background
AP1S1	1	0	ot_nolit	native_reactome	ot_all__to__ot_nolit	background
HIVEP3	1	0	ot_nolit	native_reactome	ot_all__to__ot_nolit	background
SH2D2A	1	0	ot_nolit	native_reactome	ot_all__to__ot_nolit	background
DRAP1	1	0	ot_nolit	native_reactome	ot_all__to__ot_nolit	background
SERPINB2	1	0	ot_nolit	native_reactome	ot_all__to__ot_nolit	background
PSPN	1	0	ot_nolit	native_reactome	ot_all__to__ot_nolit	background
ARHGEF12	1	0	ot_nolit	native_reactome	ot_all__to__ot_nolit	background
AKAP8L	1	0	ot_nolit	native_reactome	ot_all__to__ot_nolit	background
MCM3	1	0	ot_nolit	native_reactome	ot_all__to__ot_nolit	background
PLG	1	0	ot_nolit	native_reactome	ot_all__to__ot_nolit	background
STAT6	1	0	ot_nolit	native_reactome	ot_all__to__ot_nolit	background
ABCA1	1	0	ot_nolit	native_reactome	ot_all__to__ot_nolit	background
BAD	1	0	ot_nolit	native_reactome	ot_all__to__ot_nolit	background
PCSK6	1	0	ot_nolit	native_reactome	ot_all__to__ot_nolit	background
INS	1	0	ot_nolit	native_reactome	ot_all__to__ot_nolit	background
SRGAP3	1	0	ot_nolit	native_reactome	ot_all__to__ot_nolit	background
SOCS3	1	0	ot_nolit	native_reactome	ot_all__to__ot_nolit	background
ACIN1	1	0	ot_nolit	native_reactome	ot_all__to__ot_nolit	background
MAP3K14	1	0	ot_nolit	native_reactome	ot_all__to__ot_nolit	background
SERPING1	1	0	ot_nolit	native_reactome	ot_all__to__ot_nolit	background
MIB2	1	0	ot_nolit	native_reactome	ot_all__to__ot_nolit	background
KIF5A	1	0	ot_nolit	native_reactome	ot_all__to__ot_nolit	background
BICRA	1	0	ot_nolit	native_reactome	ot_all__to__ot_nolit	background
APOA1	1	0	ot_nolit	native_reactome	ot_all__to__ot_nolit	background
ADRA2B	1	0	ot_nolit	native_reactome	ot_all__to__ot_nolit	background
LGMN	1	0	ot_nolit	native_reactome	ot_all__to__ot_nolit	background
TNFRSF10B	1	0	ot_nolit	native_reactome	ot_all__to__ot_nolit	background
ADAMTS4	1	0	ot_nolit	native_reactome	ot_all__to__ot_nolit	background
SKP1	1	0	ot_nolit	native_reactome	ot_all__to__ot_nolit	background
SDC2	1	0	ot_nolit	native_reactome	ot_all__to__ot_nolit	background
TBX6	1	0	ot_nolit	native_reactome	ot_all__to__ot_nolit	background
SEC13	1	0	ot_nolit	native_reactome	ot_all__to__ot_nolit	background
CCNB1	1	0	ot_nolit	native_reactome	ot_all__to__ot_nolit	background
RHEB	1	0	ot_nolit	native_reactome	ot_all__to__ot_nolit	background
CCR2	1	0	ot_nolit	native_reactome	ot_all__to__ot_nolit	background
DPY30	1	0	ot_nolit	native_reactome	ot_all__to__ot_nolit	background
KPNA6	1	0	ot_nolit	native_reactome	ot_all__to__ot_nolit	background
PI4KB	1	0	ot_nolit	native_reactome	ot_all__to__ot_nolit	background
FLNA	1	0	ot_nolit	native_reactome	ot_all__to__ot_nolit	background
SOCS2	1	0	ot_nolit	native_reactome	ot_all__to__ot_nolit	background
IL15RA	1	0	ot_nolit	native_reactome	ot_all__to__ot_nolit	background
ARF3	1	0	ot_nolit	native_reactome	ot_all__to__ot_nolit	background
FIGNL1	1	0	ot_nolit	native_reactome	ot_all__to__ot_nolit	background
NUAK1	1	0	ot_nolit	native_reactome	ot_all__to__ot_nolit	background
SETDB1	1	0	ot_nolit	native_reactome	ot_all__to__ot_nolit	background
UBA2	1	0	ot_nolit	native_reactome	ot_all__to__ot_nolit	background
SUV39H1	1	0	ot_nolit	native_reactome	ot_all__to__ot_nolit	background
ATG3	1	0	ot_nolit	native_reactome	ot_all__to__ot_nolit	background
CLNS1A	1	0	ot_nolit	native_reactome	ot_all__to__ot_nolit	background
TSPAN15	1	0	ot_nolit	native_reactome	ot_all__to__ot_nolit	background
FST	1	0	ot_nolit	native_reactome	ot_all__to__ot_nolit	background
HIPK2	1	0	ot_nolit	native_reactome	ot_all__to__ot_nolit	background
FKBP5	1	0	ot_nolit	native_reactome	ot_all__to__ot_nolit	background
NEIL3	1	0	ot_nolit	native_reactome	ot_all__to__ot_nolit	background
CDC7	1	0	ot_nolit	native_reactome	ot_all__to__ot_nolit	background
RGL1	1	0	ot_nolit	native_reactome	ot_all__to__ot_nolit	background
ADD1	1	0	ot_nolit	native_reactome	ot_all__to__ot_nolit	background
NUMA1	1	0	ot_nolit	native_reactome	ot_all__to__ot_nolit	background
NCOA6	1	0	ot_nolit	native_reactome	ot_all__to__ot_nolit	background
FBXL7	1	0	ot_nolit	native_reactome	ot_all__to__ot_nolit	background
LEFTY2	1	0	ot_nolit	native_reactome	ot_all__to__ot_nolit	background
AICDA	1	0	ot_nolit	native_reactome	ot_all__to__ot_nolit	background
PREX2	1	0	ot_nolit	native_reactome	ot_all__to__ot_nolit	background
IGLL1	1	0	ot_nolit	native_reactome	ot_all__to__ot_nolit	background
KIR3DL1	1	0	ot_nolit	native_reactome	ot_all__to__ot_nolit	background
SEC23IP	1	0	ot_nolit	native_reactome	ot_all__to__ot_nolit	background
ELF2	1	0	ot_nolit	native_reactome	ot_all__to__ot_nolit	background
NOD2	1	0	ot_nolit	native_reactome	ot_all__to__ot_nolit	background
CARD8	1	0	ot_nolit	native_reactome	ot_all__to__ot_nolit	background
NELFB	1	0	ot_nolit	native_reactome	ot_all__to__ot_nolit	background
GOLIM4	1	0	ot_nolit	native_reactome	ot_all__to__ot_nolit	background
AP4M1	1	0	ot_nolit	native_reactome	ot_all__to__ot_nolit	background
DCTN2	1	0	ot_nolit	native_reactome	ot_all__to__ot_nolit	background
TRADD	1	0	ot_nolit	native_reactome	ot_all__to__ot_nolit	background
BCHE	1	0	ot_nolit	native_reactome	ot_all__to__ot_nolit	background
PRKAR2B	1	0	ot_nolit	native_reactome	ot_all__to__ot_nolit	background
GBP4	1	0	ot_nolit	native_reactome	ot_all__to__ot_nolit	background
GC	1	0	ot_nolit	native_reactome	ot_all__to__ot_nolit	background
KLRC2	1	0	ot_nolit	native_reactome	ot_all__to__ot_nolit	background
NEU4	1	0	ot_nolit	native_reactome	ot_all__to__ot_nolit	background
GOPC	1	0	ot_nolit	native_reactome	ot_all__to__ot_nolit	background
ATG14	1	0	ot_nolit	native_reactome	ot_all__to__ot_nolit	background
SHPRH	1	0	ot_nolit	native_reactome	ot_all__to__ot_nolit	background
RPA3	1	0	ot_nolit	native_reactome	ot_all__to__ot_nolit	background
PPP1R10	1	0	ot_nolit	native_reactome	ot_all__to__ot_nolit	background
SFTPD	1	0	ot_nolit	native_reactome	ot_all__to__ot_nolit	background
IFT20	1	0	ot_nolit	native_reactome	ot_all__to__ot_nolit	background
MATK	1	0	ot_nolit	native_reactome	ot_all__to__ot_nolit	background
GRAP2	1	0	ot_nolit	native_reactome	ot_all__to__ot_nolit	background
MSRA	1	0	ot_nolit	native_reactome	ot_all__to__ot_nolit	background
CCND3	1	0	ot_nolit	native_reactome	ot_all__to__ot_nolit	background
MYO9B	1	0	ot_nolit	native_reactome	ot_all__to__ot_nolit	background
ATF3	1	0	ot_nolit	native_reactome	ot_all__to__ot_nolit	background
CTNNA2	1	0	ot_nolit	native_reactome	ot_all__to__ot_nolit	background
NPRL3	1	0	ot_nolit	native_reactome	ot_all__to__ot_nolit	background
BTRC	1	0	ot_nolit	native_reactome	ot_all__to__ot_nolit	background
NOTUM	1	0	ot_nolit	native_reactome	ot_all__to__ot_nolit	background
RABGGTB	1	0	ot_nolit	native_reactome	ot_all__to__ot_nolit	background
OTUD5	1	0	ot_nolit	native_reactome	ot_all__to__ot_nolit	background
HYAL2	1	0	ot_nolit	native_reactome	ot_all__to__ot_nolit	background
CLSPN	1	0	ot_nolit	native_reactome	ot_all__to__ot_nolit	background
SRPK1	1	0	ot_nolit	native_reactome	ot_all__to__ot_nolit	background
SESN1	1	0	ot_nolit	native_reactome	ot_all__to__ot_nolit	background
ADAR	1	0	ot_nolit	native_reactome	ot_all__to__ot_nolit	background
CRADD	1	0	ot_nolit	native_reactome	ot_all__to__ot_nolit	background
ARHGEF7	1	0	ot_nolit	native_reactome	ot_all__to__ot_nolit	background
FOSB	1	0	ot_nolit	native_reactome	ot_all__to__ot_nolit	background
LRRC7	1	0	ot_nolit	native_reactome	ot_all__to__ot_nolit	background
ASH2L	1	0	ot_nolit	native_reactome	ot_all__to__ot_nolit	background
DST	1	0	ot_nolit	native_reactome	ot_all__to__ot_nolit	background
ARHGAP10	1	0	ot_nolit	native_reactome	ot_all__to__ot_nolit	background
ZNF385A	1	0	ot_nolit	native_reactome	ot_all__to__ot_nolit	background
SLC16A8	1	0	ot_nolit	native_reactome	ot_all__to__ot_nolit	background
LIN7A	1	0	ot_nolit	native_reactome	ot_all__to__ot_nolit	background
CHD5	1	0	ot_nolit	native_reactome	ot_all__to__ot_nolit	background
NUDT21	1	0	ot_nolit	native_reactome	ot_all__to__ot_nolit	background
SOCS1	1	0	ot_nolit	native_reactome	ot_all__to__ot_nolit	background
BEX3	1	0	ot_nolit	native_reactome	ot_all__to__ot_nolit	background
UQCC2	1	0	ot_nolit	native_reactome	ot_all__to__ot_nolit	background
CHP1	1	0	ot_nolit	native_reactome	ot_all__to__ot_nolit	background
CDC14A	1	0	ot_nolit	native_reactome	ot_all__to__ot_nolit	background
GLA	1	0	ot_nolit	native_reactome	ot_all__to__ot_nolit	background
GABRB1	1	0	ot_nolit	native_reactome	ot_all__to__ot_nolit	background
PWWP2B	1	0	ot_nolit	native_reactome	ot_all__to__ot_nolit	background
MAPKAPK5	1	0	ot_nolit	native_reactome	ot_all__to__ot_nolit	background
DSCAM	1	0	ot_nolit	native_reactome	ot_all__to__ot_nolit	background
PFN1	1	0	ot_nolit	native_reactome	ot_all__to__ot_nolit	background
ATG16L1	1	0	ot_nolit	native_reactome	ot_all__to__ot_nolit	background
GGCX	1	0	ot_nolit	native_reactome	ot_all__to__ot_nolit	background
PITPNA	1	0	ot_nolit	native_reactome	ot_all__to__ot_nolit	background
PTS	1	0	ot_nolit	native_reactome	ot_all__to__ot_nolit	background
LIN7C	1	0	ot_nolit	native_reactome	ot_all__to__ot_nolit	background
BSG	1	0	ot_nolit	native_reactome	ot_all__to__ot_nolit	background
ZAP70	1	0	ot_nolit	native_reactome	ot_all__to__ot_nolit	background
STING1	1	0	ot_nolit	native_reactome	ot_all__to__ot_nolit	background
USP37	1	0	ot_nolit	native_reactome	ot_all__to__ot_nolit	background
PAG1	1	0	ot_nolit	native_reactome	ot_all__to__ot_nolit	background
USP33	1	0	ot_nolit	native_reactome	ot_all__to__ot_nolit	background
SERPINA1	1	0	ot_nolit	native_reactome	ot_all__to__ot_nolit	background
HLA-DMA	1	0	ot_nolit	native_reactome	ot_all__to__ot_nolit	background
KCNJ2	1	0	ot_nolit	native_reactome	ot_all__to__ot_nolit	background
PAK5	1	0	ot_nolit	native_reactome	ot_all__to__ot_nolit	background
MAPK6	1	0	ot_nolit	native_reactome	ot_all__to__ot_nolit	background
RBCK1	1	0	ot_nolit	native_reactome	ot_all__to__ot_nolit	background
RABGGTA	1	0	ot_nolit	native_reactome	ot_all__to__ot_nolit	background
CITED1	1	0	ot_nolit	native_reactome	ot_all__to__ot_nolit	background
DENND1B	1	0	ot_nolit	native_reactome	ot_all__to__ot_nolit	background
MAP2K5	1	0	ot_nolit	native_reactome	ot_all__to__ot_nolit	background
DNM2	1	0	ot_nolit	native_reactome	ot_all__to__ot_nolit	background
KLC1	1	0	ot_nolit	native_reactome	ot_all__to__ot_nolit	background
SUPT5H	1	0	ot_nolit	native_reactome	ot_all__to__ot_nolit	background
ETV4	1	0	ot_nolit	native_reactome	ot_all__to__ot_nolit	background
CAV1	1	0	ot_nolit	native_reactome	ot_all__to__ot_nolit	background
SRXN1	1	0	ot_nolit	native_reactome	ot_all__to__ot_nolit	background
PIK3R5	1	0	ot_nolit	native_reactome	ot_all__to__ot_nolit	background
YAP1	1	0	ot_nolit	native_reactome	ot_all__to__ot_nolit	background
TPST1	1	0	ot_nolit	native_reactome	ot_all__to__ot_nolit	background
PHKG1	1	0	ot_nolit	native_reactome	ot_all__to__ot_nolit	background
CRIPTO	1	0	ot_nolit	native_reactome	ot_all__to__ot_nolit	background
UHRF1	1	0	ot_nolit	native_reactome	ot_all__to__ot_nolit	background
BAG6	1	0	ot_nolit	native_reactome	ot_all__to__ot_nolit	background
PKD1	2	1	ot_nolit	native_reactome	ot_all__to__ot_nolit	target
PRKCA	2	1	ot_nolit	native_reactome	ot_all__to__ot_nolit	target
TRAK1	2	1	ot_nolit	native_reactome	ot_all__to__ot_nolit	target
HDAC5	2	1	ot_nolit	native_reactome	ot_all__to__ot_nolit	target
RXRA	2	1	ot_nolit	native_reactome	ot_all__to__ot_nolit	target
HDAC7	2	1	ot_nolit	native_reactome	ot_all__to__ot_nolit	target
TGFB3	2	1	ot_nolit	native_reactome	ot_all__to__ot_nolit	target
PPP2R5D	2	1	ot_nolit	native_reactome	ot_all__to__ot_nolit	target
RAD51	2	1	ot_nolit	native_reactome	ot_all__to__ot_nolit	target
LOXL1	2	1	ot_nolit	native_reactome	ot_all__to__ot_nolit	target
TNS3	2	1	ot_nolit	native_reactome	ot_all__to__ot_nolit	target
ATG7	2	1	ot_nolit	native_reactome	ot_all__to__ot_nolit	target
PPP2R5A	2	1	ot_nolit	native_reactome	ot_all__to__ot_nolit	target
RXRB	2	1	ot_nolit	native_reactome	ot_all__to__ot_nolit	target
PPP2CB	2	1	ot_nolit	native_reactome	ot_all__to__ot_nolit	target
FLG	2	1	ot_nolit	native_reactome	ot_all__to__ot_nolit	target
EEF2	2	1	ot_nolit	native_reactome	ot_all__to__ot_nolit	target
IL2RB	2	1	ot_nolit	native_reactome	ot_all__to__ot_nolit	target
WRN	2	1	ot_nolit	native_reactome	ot_all__to__ot_nolit	target
CTNNA1	2	1	ot_nolit	native_reactome	ot_all__to__ot_nolit	target
BACH2	2	1	ot_nolit	native_reactome	ot_all__to__ot_nolit	target
IL2RG	2	1	ot_nolit	native_reactome	ot_all__to__ot_nolit	target
MAP2K4	2	1	ot_nolit	native_reactome	ot_all__to__ot_nolit	target
PRKCZ	2	1	ot_nolit	native_reactome	ot_all__to__ot_nolit	target
RMI1	2	1	ot_nolit	native_reactome	ot_all__to__ot_nolit	target
CSNK1A1	2	1	ot_nolit	native_reactome	ot_all__to__ot_nolit	target
ERCC6	2	1	ot_nolit	native_reactome	ot_all__to__ot_nolit	target
KCNQ2	2	1	ot_nolit	native_reactome	ot_all__to__ot_nolit	target
CCR4	2	1	ot_nolit	native_reactome	ot_all__to__ot_nolit	target
EPHB2	2	1	ot_nolit	native_reactome	ot_all__to__ot_nolit	target
VPS53	2	1	ot_nolit	native_reactome	ot_all__to__ot_nolit	target
MAPK9	2	1	ot_nolit	native_reactome	ot_all__to__ot_nolit	target
PRKCG	2	1	ot_nolit	native_reactome	ot_all__to__ot_nolit	target
PPP2CA	2	1	ot_nolit	native_reactome	ot_all__to__ot_nolit	target
RAD51B	2	1	ot_nolit	native_reactome	ot_all__to__ot_nolit	target
PAK6	2	1	ot_nolit	native_reactome	ot_all__to__ot_nolit	target
SGK3	2	1	ot_nolit	native_reactome	ot_all__to__ot_nolit	target
STAT1	2	1	ot_nolit	native_reactome	ot_all__to__ot_nolit	target
PGF	2	1	ot_nolit	native_reactome	ot_all__to__ot_nolit	target
TOP3A	2	1	ot_nolit	native_reactome	ot_all__to__ot_nolit	target
ITGA11	2	1	ot_nolit	native_reactome	ot_all__to__ot_nolit	target
DCTN1	2	1	ot_nolit	native_reactome	ot_all__to__ot_nolit	target
TGFB2	2	1	ot_nolit	native_reactome	ot_all__to__ot_nolit	target
KAT5	2	1	ot_nolit	native_reactome	ot_all__to__ot_nolit	target
KRT5	2	1	ot_nolit	native_reactome	ot_all__to__ot_nolit	target
PRKCI	2	1	ot_nolit	native_reactome	ot_all__to__ot_nolit	target
XRCC2	2	1	ot_nolit	native_reactome	ot_all__to__ot_nolit	target
RBBP8	2	1	ot_nolit	native_reactome	ot_all__to__ot_nolit	target
NCOR1	2	1	ot_nolit	native_reactome	ot_all__to__ot_nolit	target
KCNQ3	2	1	ot_nolit	native_reactome	ot_all__to__ot_nolit	target
RPS6KA3	2	1	ot_nolit	native_reactome	ot_all__to__ot_nolit	target
RMI2	2	1	ot_nolit	native_reactome	ot_all__to__ot_nolit	target
PPP2R5C	2	1	ot_nolit	native_reactome	ot_all__to__ot_nolit	target
THRB	2	1	ot_nolit	native_reactome	ot_all__to__ot_nolit	target
IL2RA	2	1	ot_nolit	native_reactome	ot_all__to__ot_nolit	target
STN1	2	1	ot_nolit	native_reactome	ot_all__to__ot_nolit	target
PPP2R5B	2	1	ot_nolit	native_reactome	ot_all__to__ot_nolit	target
DLL1	2	1	ot_nolit	native_reactome	ot_all__to__ot_nolit	target
GFAP	2	1	ot_nolit	native_reactome	ot_all__to__ot_nolit	target
F3	2	1	ot_nolit	native_reactome	ot_all__to__ot_nolit	target
THRA	2	1	ot_nolit	native_reactome	ot_all__to__ot_nolit	target
INHBB	2	1	ot_nolit	native_reactome	ot_all__to__ot_nolit	target
TENT4A	2	1	ot_nolit	native_reactome	ot_all__to__ot_nolit	target
POLK	2	1	ot_nolit	native_reactome	ot_all__to__ot_nolit	target
SMAD7	2	1	ot_nolit	native_reactome	ot_all__to__ot_nolit	target
HDAC4	2	1	ot_nolit	native_reactome	ot_all__to__ot_nolit	target
PPM1D	2	1	ot_nolit	native_reactome	ot_all__to__ot_nolit	target
ERCC1	2	1	ot_nolit	native_reactome	ot_all__to__ot_nolit	target
RXRG	2	1	ot_nolit	native_reactome	ot_all__to__ot_nolit	target
NEIL1	2	1	ot_nolit	native_reactome	ot_all__to__ot_nolit	target
AVPR2	2	1	ot_nolit	native_reactome	ot_all__to__ot_nolit	target
PRKCQ	2	1	ot_nolit	native_reactome	ot_all__to__ot_nolit	target
CSNK1E	2	1	ot_nolit	native_reactome	ot_all__to__ot_nolit	target
PPP1R14A	2	1	ot_nolit	native_reactome	ot_all__to__ot_nolit	target
MAP3K1	2	1	ot_nolit	native_reactome	ot_all__to__ot_nolit	target
PPP2R1A	2	1	ot_nolit	native_reactome	ot_all__to__ot_nolit	target
CTSS	2	1	ot_nolit	native_reactome	ot_all__to__ot_nolit	target
RNASE1	2	0	ot_nolit	native_reactome	ot_all__to__ot_nolit	background
CD1A	2	0	ot_nolit	native_reactome	ot_all__to__ot_nolit	background
PABPC1	2	0	ot_nolit	native_reactome	ot_all__to__ot_nolit	background
DVL2	2	0	ot_nolit	native_reactome	ot_all__to__ot_nolit	background
CAB39L	2	0	ot_nolit	native_reactome	ot_all__to__ot_nolit	background
ISL1	2	0	ot_nolit	native_reactome	ot_all__to__ot_nolit	background
ITGAL	2	0	ot_nolit	native_reactome	ot_all__to__ot_nolit	background
HLA-C	2	0	ot_nolit	native_reactome	ot_all__to__ot_nolit	background
REN	2	0	ot_nolit	native_reactome	ot_all__to__ot_nolit	background
DNMT3B	2	0	ot_nolit	native_reactome	ot_all__to__ot_nolit	background
VPS37A	2	0	ot_nolit	native_reactome	ot_all__to__ot_nolit	background
NPHS2	2	0	ot_nolit	native_reactome	ot_all__to__ot_nolit	background
PHLPP2	2	0	ot_nolit	native_reactome	ot_all__to__ot_nolit	background
E2F1	2	0	ot_nolit	native_reactome	ot_all__to__ot_nolit	background
RGS16	2	0	ot_nolit	native_reactome	ot_all__to__ot_nolit	background
CACNA2D1	2	0	ot_nolit	native_reactome	ot_all__to__ot_nolit	background
KPNA2	2	0	ot_nolit	native_reactome	ot_all__to__ot_nolit	background
EPRS1	2	0	ot_nolit	native_reactome	ot_all__to__ot_nolit	background
ACAA1	2	0	ot_nolit	native_reactome	ot_all__to__ot_nolit	background
LIAS	2	0	ot_nolit	native_reactome	ot_all__to__ot_nolit	background
TNRC6B	2	0	ot_nolit	native_reactome	ot_all__to__ot_nolit	background
MOB1A	2	0	ot_nolit	native_reactome	ot_all__to__ot_nolit	background
EPN1	2	0	ot_nolit	native_reactome	ot_all__to__ot_nolit	background
MVB12A	2	0	ot_nolit	native_reactome	ot_all__to__ot_nolit	background
CRTC1	2	0	ot_nolit	native_reactome	ot_all__to__ot_nolit	background
DENND3	2	0	ot_nolit	native_reactome	ot_all__to__ot_nolit	background
RNMT	2	0	ot_nolit	native_reactome	ot_all__to__ot_nolit	background
GOSR2	2	0	ot_nolit	native_reactome	ot_all__to__ot_nolit	background
F2RL2	2	0	ot_nolit	native_reactome	ot_all__to__ot_nolit	background
PPM1B	2	0	ot_nolit	native_reactome	ot_all__to__ot_nolit	background
DVL3	2	0	ot_nolit	native_reactome	ot_all__to__ot_nolit	background
PRSS8	2	0	ot_nolit	native_reactome	ot_all__to__ot_nolit	background
EGLN1	2	0	ot_nolit	native_reactome	ot_all__to__ot_nolit	background
ANKFY1	2	0	ot_nolit	native_reactome	ot_all__to__ot_nolit	background
F10	2	0	ot_nolit	native_reactome	ot_all__to__ot_nolit	background
ADCYAP1	2	0	ot_nolit	native_reactome	ot_all__to__ot_nolit	background
IFIT3	2	0	ot_nolit	native_reactome	ot_all__to__ot_nolit	background
RCVRN	2	0	ot_nolit	native_reactome	ot_all__to__ot_nolit	background
TEN1	2	0	ot_nolit	native_reactome	ot_all__to__ot_nolit	background
HSP90AB1	2	0	ot_nolit	native_reactome	ot_all__to__ot_nolit	background
SMAD9	2	0	ot_nolit	native_reactome	ot_all__to__ot_nolit	background
EIF4B	2	0	ot_nolit	native_reactome	ot_all__to__ot_nolit	background
NPAS4	2	0	ot_nolit	native_reactome	ot_all__to__ot_nolit	background
LRRK2	2	0	ot_nolit	native_reactome	ot_all__to__ot_nolit	background
UQCC6	2	0	ot_nolit	native_reactome	ot_all__to__ot_nolit	background
AGL	2	0	ot_nolit	native_reactome	ot_all__to__ot_nolit	background
SEC16A	2	0	ot_nolit	native_reactome	ot_all__to__ot_nolit	background
PARD6B	2	0	ot_nolit	native_reactome	ot_all__to__ot_nolit	background
AP4S1	2	0	ot_nolit	native_reactome	ot_all__to__ot_nolit	background
CLVS2	2	0	ot_nolit	native_reactome	ot_all__to__ot_nolit	background
KCNMA1	2	0	ot_nolit	native_reactome	ot_all__to__ot_nolit	background
RAB8A	2	0	ot_nolit	native_reactome	ot_all__to__ot_nolit	background
KCNJ16	2	0	ot_nolit	native_reactome	ot_all__to__ot_nolit	background
LRIG1	2	0	ot_nolit	native_reactome	ot_all__to__ot_nolit	background
ATP1B3	2	0	ot_nolit	native_reactome	ot_all__to__ot_nolit	background
THBS2	2	0	ot_nolit	native_reactome	ot_all__to__ot_nolit	background
KLK8	2	0	ot_nolit	native_reactome	ot_all__to__ot_nolit	background
WTAP	2	0	ot_nolit	native_reactome	ot_all__to__ot_nolit	background
RAB7A	2	0	ot_nolit	native_reactome	ot_all__to__ot_nolit	background
ELANE	2	0	ot_nolit	native_reactome	ot_all__to__ot_nolit	background
TAX1BP1	2	0	ot_nolit	native_reactome	ot_all__to__ot_nolit	background
UBN1	2	0	ot_nolit	native_reactome	ot_all__to__ot_nolit	background
GRIN2D	2	0	ot_nolit	native_reactome	ot_all__to__ot_nolit	background
RGMA	2	0	ot_nolit	native_reactome	ot_all__to__ot_nolit	background
ARL2BP	2	0	ot_nolit	native_reactome	ot_all__to__ot_nolit	background
HCCS	2	0	ot_nolit	native_reactome	ot_all__to__ot_nolit	background
SLIT3	2	0	ot_nolit	native_reactome	ot_all__to__ot_nolit	background
CSF2RB	2	0	ot_nolit	native_reactome	ot_all__to__ot_nolit	background
PRMT1	2	0	ot_nolit	native_reactome	ot_all__to__ot_nolit	background
MIS12	2	0	ot_nolit	native_reactome	ot_all__to__ot_nolit	background
STIP1	2	0	ot_nolit	native_reactome	ot_all__to__ot_nolit	background
EEF2KMT	2	0	ot_nolit	native_reactome	ot_all__to__ot_nolit	background
COMMD1	2	0	ot_nolit	native_reactome	ot_all__to__ot_nolit	background
APOC3	2	0	ot_nolit	native_reactome	ot_all__to__ot_nolit	background
CACNA1C	2	0	ot_nolit	native_reactome	ot_all__to__ot_nolit	background
NTN4	2	0	ot_nolit	native_reactome	ot_all__to__ot_nolit	background
TRIM32	2	0	ot_nolit	native_reactome	ot_all__to__ot_nolit	background
NCF4	2	0	ot_nolit	native_reactome	ot_all__to__ot_nolit	background
GINS1	2	0	ot_nolit	native_reactome	ot_all__to__ot_nolit	background
HSD17B4	2	0	ot_nolit	native_reactome	ot_all__to__ot_nolit	background
LAMA1	2	0	ot_nolit	native_reactome	ot_all__to__ot_nolit	background
KCNMB4	2	0	ot_nolit	native_reactome	ot_all__to__ot_nolit	background
DLD	2	0	ot_nolit	native_reactome	ot_all__to__ot_nolit	background
TNKS2	2	0	ot_nolit	native_reactome	ot_all__to__ot_nolit	background
UBB	2	0	ot_nolit	native_reactome	ot_all__to__ot_nolit	background
STIM1	2	0	ot_nolit	native_reactome	ot_all__to__ot_nolit	background
BID	2	0	ot_nolit	native_reactome	ot_all__to__ot_nolit	background
F13B	2	0	ot_nolit	native_reactome	ot_all__to__ot_nolit	background
PHAX	2	0	ot_nolit	native_reactome	ot_all__to__ot_nolit	background
S100B	2	0	ot_nolit	native_reactome	ot_all__to__ot_nolit	background
F12	2	0	ot_nolit	native_reactome	ot_all__to__ot_nolit	background
PEX14	2	0	ot_nolit	native_reactome	ot_all__to__ot_nolit	background
C7	2	0	ot_nolit	native_reactome	ot_all__to__ot_nolit	background
CNGA4	2	0	ot_nolit	native_reactome	ot_all__to__ot_nolit	background
TRAT1	2	0	ot_nolit	native_reactome	ot_all__to__ot_nolit	background
OST4	2	0	ot_nolit	native_reactome	ot_all__to__ot_nolit	background
CSTF3	2	0	ot_nolit	native_reactome	ot_all__to__ot_nolit	background
ITGB3BP	2	0	ot_nolit	native_reactome	ot_all__to__ot_nolit	background
CRY2	2	0	ot_nolit	native_reactome	ot_all__to__ot_nolit	background
CCAR2	2	0	ot_nolit	native_reactome	ot_all__to__ot_nolit	background
GNA15	2	0	ot_nolit	native_reactome	ot_all__to__ot_nolit	background
LDLR	2	0	ot_nolit	native_reactome	ot_all__to__ot_nolit	background
SPOPL	2	0	ot_nolit	native_reactome	ot_all__to__ot_nolit	background
LIMS1	2	0	ot_nolit	native_reactome	ot_all__to__ot_nolit	background
PODXL2	2	0	ot_nolit	native_reactome	ot_all__to__ot_nolit	background
THEM4	2	0	ot_nolit	native_reactome	ot_all__to__ot_nolit	background
ACTR1A	2	0	ot_nolit	native_reactome	ot_all__to__ot_nolit	background
TLE5	2	0	ot_nolit	native_reactome	ot_all__to__ot_nolit	background
BSN	2	0	ot_nolit	native_reactome	ot_all__to__ot_nolit	background
RUVBL1	2	0	ot_nolit	native_reactome	ot_all__to__ot_nolit	background
SNCA	2	0	ot_nolit	native_reactome	ot_all__to__ot_nolit	background
PYGL	2	0	ot_nolit	native_reactome	ot_all__to__ot_nolit	background
MYB	2	0	ot_nolit	native_reactome	ot_all__to__ot_nolit	background
CCDC88C	2	0	ot_nolit	native_reactome	ot_all__to__ot_nolit	background
YWHAZ	2	0	ot_nolit	native_reactome	ot_all__to__ot_nolit	background
PPP1R3C	2	0	ot_nolit	native_reactome	ot_all__to__ot_nolit	background
GPX7	2	0	ot_nolit	native_reactome	ot_all__to__ot_nolit	background
TP73	2	0	ot_nolit	native_reactome	ot_all__to__ot_nolit	background
AP1M1	2	0	ot_nolit	native_reactome	ot_all__to__ot_nolit	background
IL15	2	0	ot_nolit	native_reactome	ot_all__to__ot_nolit	background
TCF7L1	2	0	ot_nolit	native_reactome	ot_all__to__ot_nolit	background
CD28	2	0	ot_nolit	native_reactome	ot_all__to__ot_nolit	background
NOSTRIN	2	0	ot_nolit	native_reactome	ot_all__to__ot_nolit	background
REV3L	2	0	ot_nolit	native_reactome	ot_all__to__ot_nolit	background
MYLK	2	0	ot_nolit	native_reactome	ot_all__to__ot_nolit	background
PECAM1	2	0	ot_nolit	native_reactome	ot_all__to__ot_nolit	background
GRM1	2	0	ot_nolit	native_reactome	ot_all__to__ot_nolit	background
SPI1	2	0	ot_nolit	native_reactome	ot_all__to__ot_nolit	background
CNIH3	2	0	ot_nolit	native_reactome	ot_all__to__ot_nolit	background
MORC2	2	0	ot_nolit	native_reactome	ot_all__to__ot_nolit	background
CBFB	2	0	ot_nolit	native_reactome	ot_all__to__ot_nolit	background
LAMA2	2	0	ot_nolit	native_reactome	ot_all__to__ot_nolit	background
PLAU	2	0	ot_nolit	native_reactome	ot_all__to__ot_nolit	background
ITPKB	2	0	ot_nolit	native_reactome	ot_all__to__ot_nolit	background
GH2	2	0	ot_nolit	native_reactome	ot_all__to__ot_nolit	background
SPC25	2	0	ot_nolit	native_reactome	ot_all__to__ot_nolit	background
ZC3H18	2	0	ot_nolit	native_reactome	ot_all__to__ot_nolit	background
SETD6	2	0	ot_nolit	native_reactome	ot_all__to__ot_nolit	background
HAT1	2	0	ot_nolit	native_reactome	ot_all__to__ot_nolit	background
RPN2	2	0	ot_nolit	native_reactome	ot_all__to__ot_nolit	background
GNA12	2	0	ot_nolit	native_reactome	ot_all__to__ot_nolit	background
SOX4	2	0	ot_nolit	native_reactome	ot_all__to__ot_nolit	background
ICOSLG	2	0	ot_nolit	native_reactome	ot_all__to__ot_nolit	background
TLR5	2	0	ot_nolit	native_reactome	ot_all__to__ot_nolit	background
MYL6	2	0	ot_nolit	native_reactome	ot_all__to__ot_nolit	background
GADD45A	2	0	ot_nolit	native_reactome	ot_all__to__ot_nolit	background
OSM	2	0	ot_nolit	native_reactome	ot_all__to__ot_nolit	background
RAB3A	2	0	ot_nolit	native_reactome	ot_all__to__ot_nolit	background
NPHP4	2	0	ot_nolit	native_reactome	ot_all__to__ot_nolit	background
SGCB	2	0	ot_nolit	native_reactome	ot_all__to__ot_nolit	background
SCN5A	2	0	ot_nolit	native_reactome	ot_all__to__ot_nolit	background
SEMA4D	2	0	ot_nolit	native_reactome	ot_all__to__ot_nolit	background
PCBP2	2	0	ot_nolit	native_reactome	ot_all__to__ot_nolit	background
CACNA1A	2	0	ot_nolit	native_reactome	ot_all__to__ot_nolit	background
ARHGEF11	2	0	ot_nolit	native_reactome	ot_all__to__ot_nolit	background
DPP4	2	0	ot_nolit	native_reactome	ot_all__to__ot_nolit	background
BCL2L1	2	0	ot_nolit	native_reactome	ot_all__to__ot_nolit	background
GCG	2	0	ot_nolit	native_reactome	ot_all__to__ot_nolit	background
IL36G	2	0	ot_nolit	native_reactome	ot_all__to__ot_nolit	background
EIF4E3	2	0	ot_nolit	native_reactome	ot_all__to__ot_nolit	background
WWTR1	2	0	ot_nolit	native_reactome	ot_all__to__ot_nolit	background
PIP4K2A	2	0	ot_nolit	native_reactome	ot_all__to__ot_nolit	background
ZRANB1	2	0	ot_nolit	native_reactome	ot_all__to__ot_nolit	background
ERCC8	2	0	ot_nolit	native_reactome	ot_all__to__ot_nolit	background
DERL2	2	0	ot_nolit	native_reactome	ot_all__to__ot_nolit	background
MMP19	2	0	ot_nolit	native_reactome	ot_all__to__ot_nolit	background
WDR83	2	0	ot_nolit	native_reactome	ot_all__to__ot_nolit	background
FZR1	2	0	ot_nolit	native_reactome	ot_all__to__ot_nolit	background
LYL1	2	0	ot_nolit	native_reactome	ot_all__to__ot_nolit	background
SAFB	2	0	ot_nolit	native_reactome	ot_all__to__ot_nolit	background
MYO10	2	0	ot_nolit	native_reactome	ot_all__to__ot_nolit	background
SATB1	2	0	ot_nolit	native_reactome	ot_all__to__ot_nolit	background
MSI2	2	0	ot_nolit	native_reactome	ot_all__to__ot_nolit	background
F13A1	2	0	ot_nolit	native_reactome	ot_all__to__ot_nolit	background
KREMEN2	2	0	ot_nolit	native_reactome	ot_all__to__ot_nolit	background
NTF3	2	0	ot_nolit	native_reactome	ot_all__to__ot_nolit	background
COPRS	2	0	ot_nolit	native_reactome	ot_all__to__ot_nolit	background
CAMK2A	2	0	ot_nolit	native_reactome	ot_all__to__ot_nolit	background
HERC5	2	0	ot_nolit	native_reactome	ot_all__to__ot_nolit	background
PGK1	2	0	ot_nolit	native_reactome	ot_all__to__ot_nolit	background
RASGRP1	2	0	ot_nolit	native_reactome	ot_all__to__ot_nolit	background
BRF2	2	0	ot_nolit	native_reactome	ot_all__to__ot_nolit	background
SMARCD1	2	0	ot_nolit	native_reactome	ot_all__to__ot_nolit	background
SERPINB1	2	0	ot_nolit	native_reactome	ot_all__to__ot_nolit	background
VASP	2	0	ot_nolit	native_reactome	ot_all__to__ot_nolit	background
TNS4	2	0	ot_nolit	native_reactome	ot_all__to__ot_nolit	background
AP2B1	2	0	ot_nolit	native_reactome	ot_all__to__ot_nolit	background
IL12RB1	2	0	ot_nolit	native_reactome	ot_all__to__ot_nolit	background
KHDRBS2	2	0	ot_nolit	native_reactome	ot_all__to__ot_nolit	background
LTB	2	0	ot_nolit	native_reactome	ot_all__to__ot_nolit	background
MASP2	2	0	ot_nolit	native_reactome	ot_all__to__ot_nolit	background
PLCB1	2	0	ot_nolit	native_reactome	ot_all__to__ot_nolit	background
COLEC10	2	0	ot_nolit	native_reactome	ot_all__to__ot_nolit	background
NOX3	2	0	ot_nolit	native_reactome	ot_all__to__ot_nolit	background
CAMK4	2	0	ot_nolit	native_reactome	ot_all__to__ot_nolit	background
BIRC2	2	0	ot_nolit	native_reactome	ot_all__to__ot_nolit	background
SELL	2	0	ot_nolit	native_reactome	ot_all__to__ot_nolit	background
STX16	2	0	ot_nolit	native_reactome	ot_all__to__ot_nolit	background
CDC42	2	0	ot_nolit	native_reactome	ot_all__to__ot_nolit	background
TRAV8-4	2	0	ot_nolit	native_reactome	ot_all__to__ot_nolit	background
PKD1	3	1	ot_nolit	native_reactome	ot_all__to__ot_nolit	target
PRKCA	3	1	ot_nolit	native_reactome	ot_all__to__ot_nolit	target
TRAK1	3	1	ot_nolit	native_reactome	ot_all__to__ot_nolit	target
HDAC5	3	1	ot_nolit	native_reactome	ot_all__to__ot_nolit	target
RXRA	3	1	ot_nolit	native_reactome	ot_all__to__ot_nolit	target
HDAC7	3	1	ot_nolit	native_reactome	ot_all__to__ot_nolit	target
TGFB3	3	1	ot_nolit	native_reactome	ot_all__to__ot_nolit	target
PPP2R5D	3	1	ot_nolit	native_reactome	ot_all__to__ot_nolit	target
RAD51	3	1	ot_nolit	native_reactome	ot_all__to__ot_nolit	target
LOXL1	3	1	ot_nolit	native_reactome	ot_all__to__ot_nolit	target
TNS3	3	1	ot_nolit	native_reactome	ot_all__to__ot_nolit	target
ATG7	3	1	ot_nolit	native_reactome	ot_all__to__ot_nolit	target
PPP2R5A	3	1	ot_nolit	native_reactome	ot_all__to__ot_nolit	target
RXRB	3	1	ot_nolit	native_reactome	ot_all__to__ot_nolit	target
PPP2CB	3	1	ot_nolit	native_reactome	ot_all__to__ot_nolit	target
FLG	3	1	ot_nolit	native_reactome	ot_all__to__ot_nolit	target
EEF2	3	1	ot_nolit	native_reactome	ot_all__to__ot_nolit	target
IL2RB	3	1	ot_nolit	native_reactome	ot_all__to__ot_nolit	target
WRN	3	1	ot_nolit	native_reactome	ot_all__to__ot_nolit	target
CTNNA1	3	1	ot_nolit	native_reactome	ot_all__to__ot_nolit	target
BACH2	3	1	ot_nolit	native_reactome	ot_all__to__ot_nolit	target
IL2RG	3	1	ot_nolit	native_reactome	ot_all__to__ot_nolit	target
MAP2K4	3	1	ot_nolit	native_reactome	ot_all__to__ot_nolit	target
PRKCZ	3	1	ot_nolit	native_reactome	ot_all__to__ot_nolit	target
RMI1	3	1	ot_nolit	native_reactome	ot_all__to__ot_nolit	target
CSNK1A1	3	1	ot_nolit	native_reactome	ot_all__to__ot_nolit	target
ERCC6	3	1	ot_nolit	native_reactome	ot_all__to__ot_nolit	target
KCNQ2	3	1	ot_nolit	native_reactome	ot_all__to__ot_nolit	target
CCR4	3	1	ot_nolit	native_reactome	ot_all__to__ot_nolit	target
EPHB2	3	1	ot_nolit	native_reactome	ot_all__to__ot_nolit	target
VPS53	3	1	ot_nolit	native_reactome	ot_all__to__ot_nolit	target
MAPK9	3	1	ot_nolit	native_reactome	ot_all__to__ot_nolit	target
PRKCG	3	1	ot_nolit	native_reactome	ot_all__to__ot_nolit	target
PPP2CA	3	1	ot_nolit	native_reactome	ot_all__to__ot_nolit	target
RAD51B	3	1	ot_nolit	native_reactome	ot_all__to__ot_nolit	target
PAK6	3	1	ot_nolit	native_reactome	ot_all__to__ot_nolit	target
SGK3	3	1	ot_nolit	native_reactome	ot_all__to__ot_nolit	target
STAT1	3	1	ot_nolit	native_reactome	ot_all__to__ot_nolit	target
PGF	3	1	ot_nolit	native_reactome	ot_all__to__ot_nolit	target
TOP3A	3	1	ot_nolit	native_reactome	ot_all__to__ot_nolit	target
ITGA11	3	1	ot_nolit	native_reactome	ot_all__to__ot_nolit	target
DCTN1	3	1	ot_nolit	native_reactome	ot_all__to__ot_nolit	target
TGFB2	3	1	ot_nolit	native_reactome	ot_all__to__ot_nolit	target
KAT5	3	1	ot_nolit	native_reactome	ot_all__to__ot_nolit	target
KRT5	3	1	ot_nolit	native_reactome	ot_all__to__ot_nolit	target
PRKCI	3	1	ot_nolit	native_reactome	ot_all__to__ot_nolit	target
XRCC2	3	1	ot_nolit	native_reactome	ot_all__to__ot_nolit	target
RBBP8	3	1	ot_nolit	native_reactome	ot_all__to__ot_nolit	target
NCOR1	3	1	ot_nolit	native_reactome	ot_all__to__ot_nolit	target
KCNQ3	3	1	ot_nolit	native_reactome	ot_all__to__ot_nolit	target
RPS6KA3	3	1	ot_nolit	native_reactome	ot_all__to__ot_nolit	target
RMI2	3	1	ot_nolit	native_reactome	ot_all__to__ot_nolit	target
PPP2R5C	3	1	ot_nolit	native_reactome	ot_all__to__ot_nolit	target
THRB	3	1	ot_nolit	native_reactome	ot_all__to__ot_nolit	target
IL2RA	3	1	ot_nolit	native_reactome	ot_all__to__ot_nolit	target
STN1	3	1	ot_nolit	native_reactome	ot_all__to__ot_nolit	target
PPP2R5B	3	1	ot_nolit	native_reactome	ot_all__to__ot_nolit	target
DLL1	3	1	ot_nolit	native_reactome	ot_all__to__ot_nolit	target
GFAP	3	1	ot_nolit	native_reactome	ot_all__to__ot_nolit	target
F3	3	1	ot_nolit	native_reactome	ot_all__to__ot_nolit	target
THRA	3	1	ot_nolit	native_reactome	ot_all__to__ot_nolit	target
INHBB	3	1	ot_nolit	native_reactome	ot_all__to__ot_nolit	target
TENT4A	3	1	ot_nolit	native_reactome	ot_all__to__ot_nolit	target
POLK	3	1	ot_nolit	native_reactome	ot_all__to__ot_nolit	target
SMAD7	3	1	ot_nolit	native_reactome	ot_all__to__ot_nolit	target
HDAC4	3	1	ot_nolit	native_reactome	ot_all__to__ot_nolit	target
PPM1D	3	1	ot_nolit	native_reactome	ot_all__to__ot_nolit	target
ERCC1	3	1	ot_nolit	native_reactome	ot_all__to__ot_nolit	target
RXRG	3	1	ot_nolit	native_reactome	ot_all__to__ot_nolit	target
NEIL1	3	1	ot_nolit	native_reactome	ot_all__to__ot_nolit	target
AVPR2	3	1	ot_nolit	native_reactome	ot_all__to__ot_nolit	target
PRKCQ	3	1	ot_nolit	native_reactome	ot_all__to__ot_nolit	target
CSNK1E	3	1	ot_nolit	native_reactome	ot_all__to__ot_nolit	target
PPP1R14A	3	1	ot_nolit	native_reactome	ot_all__to__ot_nolit	target
MAP3K1	3	1	ot_nolit	native_reactome	ot_all__to__ot_nolit	target
PPP2R1A	3	1	ot_nolit	native_reactome	ot_all__to__ot_nolit	target
CTSS	3	1	ot_nolit	native_reactome	ot_all__to__ot_nolit	target
MAFB	3	0	ot_nolit	native_reactome	ot_all__to__ot_nolit	background
SLC16A3	3	0	ot_nolit	native_reactome	ot_all__to__ot_nolit	background
LRRC14	3	0	ot_nolit	native_reactome	ot_all__to__ot_nolit	background
TTF1	3	0	ot_nolit	native_reactome	ot_all__to__ot_nolit	background
C3	3	0	ot_nolit	native_reactome	ot_all__to__ot_nolit	background
SPRY2	3	0	ot_nolit	native_reactome	ot_all__to__ot_nolit	background
MKRN1	3	0	ot_nolit	native_reactome	ot_all__to__ot_nolit	background
CD1B	3	0	ot_nolit	native_reactome	ot_all__to__ot_nolit	background
WDR77	3	0	ot_nolit	native_reactome	ot_all__to__ot_nolit	background
DNAJC3	3	0	ot_nolit	native_reactome	ot_all__to__ot_nolit	background
KPNA1	3	0	ot_nolit	native_reactome	ot_all__to__ot_nolit	background
ADNP	3	0	ot_nolit	native_reactome	ot_all__to__ot_nolit	background
RSPO3	3	0	ot_nolit	native_reactome	ot_all__to__ot_nolit	background
MYBL2	3	0	ot_nolit	native_reactome	ot_all__to__ot_nolit	background
BDNF	3	0	ot_nolit	native_reactome	ot_all__to__ot_nolit	background
PRKACA	3	0	ot_nolit	native_reactome	ot_all__to__ot_nolit	background
CLEC4D	3	0	ot_nolit	native_reactome	ot_all__to__ot_nolit	background
RAB5A	3	0	ot_nolit	native_reactome	ot_all__to__ot_nolit	background
CAMKMT	3	0	ot_nolit	native_reactome	ot_all__to__ot_nolit	background
ARHGDIG	3	0	ot_nolit	native_reactome	ot_all__to__ot_nolit	background
MTRES1	3	0	ot_nolit	native_reactome	ot_all__to__ot_nolit	background
ATP1A3	3	0	ot_nolit	native_reactome	ot_all__to__ot_nolit	background
CTTN	3	0	ot_nolit	native_reactome	ot_all__to__ot_nolit	background
IL1RAPL2	3	0	ot_nolit	native_reactome	ot_all__to__ot_nolit	background
SPAG9	3	0	ot_nolit	native_reactome	ot_all__to__ot_nolit	background
CDC25C	3	0	ot_nolit	native_reactome	ot_all__to__ot_nolit	background
TAP1	3	0	ot_nolit	native_reactome	ot_all__to__ot_nolit	background
PKN1	3	0	ot_nolit	native_reactome	ot_all__to__ot_nolit	background
CCL1	3	0	ot_nolit	native_reactome	ot_all__to__ot_nolit	background
TIAM1	3	0	ot_nolit	native_reactome	ot_all__to__ot_nolit	background
PYCARD	3	0	ot_nolit	native_reactome	ot_all__to__ot_nolit	background
CHUK	3	0	ot_nolit	native_reactome	ot_all__to__ot_nolit	background
HIRA	3	0	ot_nolit	native_reactome	ot_all__to__ot_nolit	background
GTF2E2	3	0	ot_nolit	native_reactome	ot_all__to__ot_nolit	background
WWC1	3	0	ot_nolit	native_reactome	ot_all__to__ot_nolit	background
SP7	3	0	ot_nolit	native_reactome	ot_all__to__ot_nolit	background
UNC5C	3	0	ot_nolit	native_reactome	ot_all__to__ot_nolit	background
ADRB2	3	0	ot_nolit	native_reactome	ot_all__to__ot_nolit	background
WDR48	3	0	ot_nolit	native_reactome	ot_all__to__ot_nolit	background
PHC3	3	0	ot_nolit	native_reactome	ot_all__to__ot_nolit	background
ARCN1	3	0	ot_nolit	native_reactome	ot_all__to__ot_nolit	background
CAPNS1	3	0	ot_nolit	native_reactome	ot_all__to__ot_nolit	background
NGFR	3	0	ot_nolit	native_reactome	ot_all__to__ot_nolit	background
WIPI2	3	0	ot_nolit	native_reactome	ot_all__to__ot_nolit	background
TRBV12-3	3	0	ot_nolit	native_reactome	ot_all__to__ot_nolit	background
H1-8	3	0	ot_nolit	native_reactome	ot_all__to__ot_nolit	background
NDUFAB1	3	0	ot_nolit	native_reactome	ot_all__to__ot_nolit	background
CD40LG	3	0	ot_nolit	native_reactome	ot_all__to__ot_nolit	background
HLA-DMB	3	0	ot_nolit	native_reactome	ot_all__to__ot_nolit	background
MALSU1	3	0	ot_nolit	native_reactome	ot_all__to__ot_nolit	background
CD8A	3	0	ot_nolit	native_reactome	ot_all__to__ot_nolit	background
ITPKC	3	0	ot_nolit	native_reactome	ot_all__to__ot_nolit	background
PSME4	3	0	ot_nolit	native_reactome	ot_all__to__ot_nolit	background
YBX1	3	0	ot_nolit	native_reactome	ot_all__to__ot_nolit	background
SIGIRR	3	0	ot_nolit	native_reactome	ot_all__to__ot_nolit	background
GRIN3A	3	0	ot_nolit	native_reactome	ot_all__to__ot_nolit	background
MAFK	3	0	ot_nolit	native_reactome	ot_all__to__ot_nolit	background
EEF1B2	3	0	ot_nolit	native_reactome	ot_all__to__ot_nolit	background
IGHA2	3	0	ot_nolit	native_reactome	ot_all__to__ot_nolit	background
SAMTOR	3	0	ot_nolit	native_reactome	ot_all__to__ot_nolit	background
VTN	3	0	ot_nolit	native_reactome	ot_all__to__ot_nolit	background
MYH14	3	0	ot_nolit	native_reactome	ot_all__to__ot_nolit	background
CACNA2D2	3	0	ot_nolit	native_reactome	ot_all__to__ot_nolit	background
SHOC2	3	0	ot_nolit	native_reactome	ot_all__to__ot_nolit	background
BET1L	3	0	ot_nolit	native_reactome	ot_all__to__ot_nolit	background
PRKACB	3	0	ot_nolit	native_reactome	ot_all__to__ot_nolit	background
CYTH4	3	0	ot_nolit	native_reactome	ot_all__to__ot_nolit	background
FDXR	3	0	ot_nolit	native_reactome	ot_all__to__ot_nolit	background
CLEC4E	3	0	ot_nolit	native_reactome	ot_all__to__ot_nolit	background
GALNT1	3	0	ot_nolit	native_reactome	ot_all__to__ot_nolit	background
WWOX	3	0	ot_nolit	native_reactome	ot_all__to__ot_nolit	background
KIR3DS1	3	0	ot_nolit	native_reactome	ot_all__to__ot_nolit	background
SFRP2	3	0	ot_nolit	native_reactome	ot_all__to__ot_nolit	background
DDB2	3	0	ot_nolit	native_reactome	ot_all__to__ot_nolit	background
ADAM10	3	0	ot_nolit	native_reactome	ot_all__to__ot_nolit	background
RHOT2	3	0	ot_nolit	native_reactome	ot_all__to__ot_nolit	background
SNTG2	3	0	ot_nolit	native_reactome	ot_all__to__ot_nolit	background
PLCB2	3	0	ot_nolit	native_reactome	ot_all__to__ot_nolit	background
TRIM72	3	0	ot_nolit	native_reactome	ot_all__to__ot_nolit	background
PRDX3	3	0	ot_nolit	native_reactome	ot_all__to__ot_nolit	background
NFU1	3	0	ot_nolit	native_reactome	ot_all__to__ot_nolit	background
ZNF598	3	0	ot_nolit	native_reactome	ot_all__to__ot_nolit	background
MEFV	3	0	ot_nolit	native_reactome	ot_all__to__ot_nolit	background
PTP4A2	3	0	ot_nolit	native_reactome	ot_all__to__ot_nolit	background
CNGA2	3	0	ot_nolit	native_reactome	ot_all__to__ot_nolit	background
PAXIP1	3	0	ot_nolit	native_reactome	ot_all__to__ot_nolit	background
CFTR	3	0	ot_nolit	native_reactome	ot_all__to__ot_nolit	background
AURKB	3	0	ot_nolit	native_reactome	ot_all__to__ot_nolit	background
SYTL1	3	0	ot_nolit	native_reactome	ot_all__to__ot_nolit	background
UBE2L3	3	0	ot_nolit	native_reactome	ot_all__to__ot_nolit	background
IL32	3	0	ot_nolit	native_reactome	ot_all__to__ot_nolit	background
FILIP1	3	0	ot_nolit	native_reactome	ot_all__to__ot_nolit	background
ACTA1	3	0	ot_nolit	native_reactome	ot_all__to__ot_nolit	background
IL27	3	0	ot_nolit	native_reactome	ot_all__to__ot_nolit	background
CABIN1	3	0	ot_nolit	native_reactome	ot_all__to__ot_nolit	background
RSPO4	3	0	ot_nolit	native_reactome	ot_all__to__ot_nolit	background
SENP5	3	0	ot_nolit	native_reactome	ot_all__to__ot_nolit	background
GNAQ	3	0	ot_nolit	native_reactome	ot_all__to__ot_nolit	background
DUS2	3	0	ot_nolit	native_reactome	ot_all__to__ot_nolit	background
BRPF1	3	0	ot_nolit	native_reactome	ot_all__to__ot_nolit	background
KIF3C	3	0	ot_nolit	native_reactome	ot_all__to__ot_nolit	background
DOK1	3	0	ot_nolit	native_reactome	ot_all__to__ot_nolit	background
HSP90B1	3	0	ot_nolit	native_reactome	ot_all__to__ot_nolit	background
BDKRB1	3	0	ot_nolit	native_reactome	ot_all__to__ot_nolit	background
CD72	3	0	ot_nolit	native_reactome	ot_all__to__ot_nolit	background
ZNF45	3	0	ot_nolit	native_reactome	ot_all__to__ot_nolit	background
KNL1	3	0	ot_nolit	native_reactome	ot_all__to__ot_nolit	background
PRM1	3	0	ot_nolit	native_reactome	ot_all__to__ot_nolit	background
TSN	3	0	ot_nolit	native_reactome	ot_all__to__ot_nolit	background
ASAP1	3	0	ot_nolit	native_reactome	ot_all__to__ot_nolit	background
KAT7	3	0	ot_nolit	native_reactome	ot_all__to__ot_nolit	background
BAZ2A	3	0	ot_nolit	native_reactome	ot_all__to__ot_nolit	background
TGFBR3	3	0	ot_nolit	native_reactome	ot_all__to__ot_nolit	background
SEMA3A	3	0	ot_nolit	native_reactome	ot_all__to__ot_nolit	background
P2RY12	3	0	ot_nolit	native_reactome	ot_all__to__ot_nolit	background
PTN	3	0	ot_nolit	native_reactome	ot_all__to__ot_nolit	background
PLK2	3	0	ot_nolit	native_reactome	ot_all__to__ot_nolit	background
MADCAM1	3	0	ot_nolit	native_reactome	ot_all__to__ot_nolit	background
CDCA5	3	0	ot_nolit	native_reactome	ot_all__to__ot_nolit	background
BCAP31	3	0	ot_nolit	native_reactome	ot_all__to__ot_nolit	background
UVSSA	3	0	ot_nolit	native_reactome	ot_all__to__ot_nolit	background
FMOD	3	0	ot_nolit	native_reactome	ot_all__to__ot_nolit	background
NODAL	3	0	ot_nolit	native_reactome	ot_all__to__ot_nolit	background
NR3C2	3	0	ot_nolit	native_reactome	ot_all__to__ot_nolit	background
MAP2K6	3	0	ot_nolit	native_reactome	ot_all__to__ot_nolit	background
MST1	3	0	ot_nolit	native_reactome	ot_all__to__ot_nolit	background
DYNC1LI2	3	0	ot_nolit	native_reactome	ot_all__to__ot_nolit	background
TRPC7	3	0	ot_nolit	native_reactome	ot_all__to__ot_nolit	background
SEL1L	3	0	ot_nolit	native_reactome	ot_all__to__ot_nolit	background
SEMA7A	3	0	ot_nolit	native_reactome	ot_all__to__ot_nolit	background
SMARCA2	3	0	ot_nolit	native_reactome	ot_all__to__ot_nolit	background
SIKE1	3	0	ot_nolit	native_reactome	ot_all__to__ot_nolit	background
CD177	3	0	ot_nolit	native_reactome	ot_all__to__ot_nolit	background
HPS1	3	0	ot_nolit	native_reactome	ot_all__to__ot_nolit	background
ORAI1	3	0	ot_nolit	native_reactome	ot_all__to__ot_nolit	background
NLRX1	3	0	ot_nolit	native_reactome	ot_all__to__ot_nolit	background
NRXN1	3	0	ot_nolit	native_reactome	ot_all__to__ot_nolit	background
DSPP	3	0	ot_nolit	native_reactome	ot_all__to__ot_nolit	background
GAS1	3	0	ot_nolit	native_reactome	ot_all__to__ot_nolit	background
DMD	3	0	ot_nolit	native_reactome	ot_all__to__ot_nolit	background
APEX1	3	0	ot_nolit	native_reactome	ot_all__to__ot_nolit	background
CCND2	3	0	ot_nolit	native_reactome	ot_all__to__ot_nolit	background
RNF41	3	0	ot_nolit	native_reactome	ot_all__to__ot_nolit	background
ORC2	3	0	ot_nolit	native_reactome	ot_all__to__ot_nolit	background
IL36RN	3	0	ot_nolit	native_reactome	ot_all__to__ot_nolit	background
NSD2	3	0	ot_nolit	native_reactome	ot_all__to__ot_nolit	background
CCNH	3	0	ot_nolit	native_reactome	ot_all__to__ot_nolit	background
LINGO1	3	0	ot_nolit	native_reactome	ot_all__to__ot_nolit	background
MYF5	3	0	ot_nolit	native_reactome	ot_all__to__ot_nolit	background
GATA6	3	0	ot_nolit	native_reactome	ot_all__to__ot_nolit	background
APAF1	3	0	ot_nolit	native_reactome	ot_all__to__ot_nolit	background
EPB41L3	3	0	ot_nolit	native_reactome	ot_all__to__ot_nolit	background
TFAM	3	0	ot_nolit	native_reactome	ot_all__to__ot_nolit	background
CASTOR2	3	0	ot_nolit	native_reactome	ot_all__to__ot_nolit	background
PIP5K1B	3	0	ot_nolit	native_reactome	ot_all__to__ot_nolit	background
NRP2	3	0	ot_nolit	native_reactome	ot_all__to__ot_nolit	background
AQP2	3	0	ot_nolit	native_reactome	ot_all__to__ot_nolit	background
DOCK6	3	0	ot_nolit	native_reactome	ot_all__to__ot_nolit	background
BRCC3	3	0	ot_nolit	native_reactome	ot_all__to__ot_nolit	background
NFYB	3	0	ot_nolit	native_reactome	ot_all__to__ot_nolit	background
TLL2	3	0	ot_nolit	native_reactome	ot_all__to__ot_nolit	background
FCGR3A	3	0	ot_nolit	native_reactome	ot_all__to__ot_nolit	background
STXBP3	3	0	ot_nolit	native_reactome	ot_all__to__ot_nolit	background
PLK1	3	0	ot_nolit	native_reactome	ot_all__to__ot_nolit	background
TAX1BP3	3	0	ot_nolit	native_reactome	ot_all__to__ot_nolit	background
SMURF2	3	0	ot_nolit	native_reactome	ot_all__to__ot_nolit	background
TIMP2	3	0	ot_nolit	native_reactome	ot_all__to__ot_nolit	background
SLA	3	0	ot_nolit	native_reactome	ot_all__to__ot_nolit	background
USP7	3	0	ot_nolit	native_reactome	ot_all__to__ot_nolit	background
ATG5	3	0	ot_nolit	native_reactome	ot_all__to__ot_nolit	background
ZDHHC5	3	0	ot_nolit	native_reactome	ot_all__to__ot_nolit	background
RNF31	3	0	ot_nolit	native_reactome	ot_all__to__ot_nolit	background
ZFC3H1	3	0	ot_nolit	native_reactome	ot_all__to__ot_nolit	background
NR1D1	3	0	ot_nolit	native_reactome	ot_all__to__ot_nolit	background
GSN	3	0	ot_nolit	native_reactome	ot_all__to__ot_nolit	background
IRF7	3	0	ot_nolit	native_reactome	ot_all__to__ot_nolit	background
FLOT1	3	0	ot_nolit	native_reactome	ot_all__to__ot_nolit	background
VPS37C	3	0	ot_nolit	native_reactome	ot_all__to__ot_nolit	background
CNPY3	3	0	ot_nolit	native_reactome	ot_all__to__ot_nolit	background
GID4	3	0	ot_nolit	native_reactome	ot_all__to__ot_nolit	background
DCAF8L2	3	0	ot_nolit	native_reactome	ot_all__to__ot_nolit	background
PPM1F	3	0	ot_nolit	native_reactome	ot_all__to__ot_nolit	background
TPST2	3	0	ot_nolit	native_reactome	ot_all__to__ot_nolit	background
PCLO	3	0	ot_nolit	native_reactome	ot_all__to__ot_nolit	background
TNR	3	0	ot_nolit	native_reactome	ot_all__to__ot_nolit	background
STAMBP	3	0	ot_nolit	native_reactome	ot_all__to__ot_nolit	background
PRKAA2	3	0	ot_nolit	native_reactome	ot_all__to__ot_nolit	background
MAU2	3	0	ot_nolit	native_reactome	ot_all__to__ot_nolit	background
LHX4	3	0	ot_nolit	native_reactome	ot_all__to__ot_nolit	background
ACVR2A	3	0	ot_nolit	native_reactome	ot_all__to__ot_nolit	background
ATXN3	3	0	ot_nolit	native_reactome	ot_all__to__ot_nolit	background
AP1M2	3	0	ot_nolit	native_reactome	ot_all__to__ot_nolit	background
CITED4	3	0	ot_nolit	native_reactome	ot_all__to__ot_nolit	background
NBR1	3	0	ot_nolit	native_reactome	ot_all__to__ot_nolit	background
KIF22	3	0	ot_nolit	native_reactome	ot_all__to__ot_nolit	background
FBN2	3	0	ot_nolit	native_reactome	ot_all__to__ot_nolit	background
CASP6	3	0	ot_nolit	native_reactome	ot_all__to__ot_nolit	background
CDC6	3	0	ot_nolit	native_reactome	ot_all__to__ot_nolit	background
ATG101	3	0	ot_nolit	native_reactome	ot_all__to__ot_nolit	background
DLK1	3	0	ot_nolit	native_reactome	ot_all__to__ot_nolit	background
PKD1	4	1	ot_nolit	native_reactome	ot_all__to__ot_nolit	target
PRKCA	4	1	ot_nolit	native_reactome	ot_all__to__ot_nolit	target
TRAK1	4	1	ot_nolit	native_reactome	ot_all__to__ot_nolit	target
HDAC5	4	1	ot_nolit	native_reactome	ot_all__to__ot_nolit	target
RXRA	4	1	ot_nolit	native_reactome	ot_all__to__ot_nolit	target
HDAC7	4	1	ot_nolit	native_reactome	ot_all__to__ot_nolit	target
TGFB3	4	1	ot_nolit	native_reactome	ot_all__to__ot_nolit	target
PPP2R5D	4	1	ot_nolit	native_reactome	ot_all__to__ot_nolit	target
RAD51	4	1	ot_nolit	native_reactome	ot_all__to__ot_nolit	target
LOXL1	4	1	ot_nolit	native_reactome	ot_all__to__ot_nolit	target
TNS3	4	1	ot_nolit	native_reactome	ot_all__to__ot_nolit	target
ATG7	4	1	ot_nolit	native_reactome	ot_all__to__ot_nolit	target
PPP2R5A	4	1	ot_nolit	native_reactome	ot_all__to__ot_nolit	target
RXRB	4	1	ot_nolit	native_reactome	ot_all__to__ot_nolit	target
PPP2CB	4	1	ot_nolit	native_reactome	ot_all__to__ot_nolit	target
FLG	4	1	ot_nolit	native_reactome	ot_all__to__ot_nolit	target
EEF2	4	1	ot_nolit	native_reactome	ot_all__to__ot_nolit	target
IL2RB	4	1	ot_nolit	native_reactome	ot_all__to__ot_nolit	target
WRN	4	1	ot_nolit	native_reactome	ot_all__to__ot_nolit	target
CTNNA1	4	1	ot_nolit	native_reactome	ot_all__to__ot_nolit	target
BACH2	4	1	ot_nolit	native_reactome	ot_all__to__ot_nolit	target
IL2RG	4	1	ot_nolit	native_reactome	ot_all__to__ot_nolit	target
MAP2K4	4	1	ot_nolit	native_reactome	ot_all__to__ot_nolit	target
PRKCZ	4	1	ot_nolit	native_reactome	ot_all__to__ot_nolit	target
RMI1	4	1	ot_nolit	native_reactome	ot_all__to__ot_nolit	target
CSNK1A1	4	1	ot_nolit	native_reactome	ot_all__to__ot_nolit	target
ERCC6	4	1	ot_nolit	native_reactome	ot_all__to__ot_nolit	target
KCNQ2	4	1	ot_nolit	native_reactome	ot_all__to__ot_nolit	target
CCR4	4	1	ot_nolit	native_reactome	ot_all__to__ot_nolit	target
EPHB2	4	1	ot_nolit	native_reactome	ot_all__to__ot_nolit	target
VPS53	4	1	ot_nolit	native_reactome	ot_all__to__ot_nolit	target
MAPK9	4	1	ot_nolit	native_reactome	ot_all__to__ot_nolit	target
PRKCG	4	1	ot_nolit	native_reactome	ot_all__to__ot_nolit	target
PPP2CA	4	1	ot_nolit	native_reactome	ot_all__to__ot_nolit	target
RAD51B	4	1	ot_nolit	native_reactome	ot_all__to__ot_nolit	target
PAK6	4	1	ot_nolit	native_reactome	ot_all__to__ot_nolit	target
SGK3	4	1	ot_nolit	native_reactome	ot_all__to__ot_nolit	target
STAT1	4	1	ot_nolit	native_reactome	ot_all__to__ot_nolit	target
PGF	4	1	ot_nolit	native_reactome	ot_all__to__ot_nolit	target
TOP3A	4	1	ot_nolit	native_reactome	ot_all__to__ot_nolit	target
ITGA11	4	1	ot_nolit	native_reactome	ot_all__to__ot_nolit	target
DCTN1	4	1	ot_nolit	native_reactome	ot_all__to__ot_nolit	target
TGFB2	4	1	ot_nolit	native_reactome	ot_all__to__ot_nolit	target
KAT5	4	1	ot_nolit	native_reactome	ot_all__to__ot_nolit	target
KRT5	4	1	ot_nolit	native_reactome	ot_all__to__ot_nolit	target
PRKCI	4	1	ot_nolit	native_reactome	ot_all__to__ot_nolit	target
XRCC2	4	1	ot_nolit	native_reactome	ot_all__to__ot_nolit	target
RBBP8	4	1	ot_nolit	native_reactome	ot_all__to__ot_nolit	target
NCOR1	4	1	ot_nolit	native_reactome	ot_all__to__ot_nolit	target
KCNQ3	4	1	ot_nolit	native_reactome	ot_all__to__ot_nolit	target
RPS6KA3	4	1	ot_nolit	native_reactome	ot_all__to__ot_nolit	target
RMI2	4	1	ot_nolit	native_reactome	ot_all__to__ot_nolit	target
PPP2R5C	4	1	ot_nolit	native_reactome	ot_all__to__ot_nolit	target
THRB	4	1	ot_nolit	native_reactome	ot_all__to__ot_nolit	target
IL2RA	4	1	ot_nolit	native_reactome	ot_all__to__ot_nolit	target
STN1	4	1	ot_nolit	native_reactome	ot_all__to__ot_nolit	target
PPP2R5B	4	1	ot_nolit	native_reactome	ot_all__to__ot_nolit	target
DLL1	4	1	ot_nolit	native_reactome	ot_all__to__ot_nolit	target
GFAP	4	1	ot_nolit	native_reactome	ot_all__to__ot_nolit	target
F3	4	1	ot_nolit	native_reactome	ot_all__to__ot_nolit	target
THRA	4	1	ot_nolit	native_reactome	ot_all__to__ot_nolit	target
INHBB	4	1	ot_nolit	native_reactome	ot_all__to__ot_nolit	target
TENT4A	4	1	ot_nolit	native_reactome	ot_all__to__ot_nolit	target
POLK	4	1	ot_nolit	native_reactome	ot_all__to__ot_nolit	target
SMAD7	4	1	ot_nolit	native_reactome	ot_all__to__ot_nolit	target
HDAC4	4	1	ot_nolit	native_reactome	ot_all__to__ot_nolit	target
PPM1D	4	1	ot_nolit	native_reactome	ot_all__to__ot_nolit	target
ERCC1	4	1	ot_nolit	native_reactome	ot_all__to__ot_nolit	target
RXRG	4	1	ot_nolit	native_reactome	ot_all__to__ot_nolit	target
NEIL1	4	1	ot_nolit	native_reactome	ot_all__to__ot_nolit	target
AVPR2	4	1	ot_nolit	native_reactome	ot_all__to__ot_nolit	target
PRKCQ	4	1	ot_nolit	native_reactome	ot_all__to__ot_nolit	target
CSNK1E	4	1	ot_nolit	native_reactome	ot_all__to__ot_nolit	target
PPP1R14A	4	1	ot_nolit	native_reactome	ot_all__to__ot_nolit	target
MAP3K1	4	1	ot_nolit	native_reactome	ot_all__to__ot_nolit	target
PPP2R1A	4	1	ot_nolit	native_reactome	ot_all__to__ot_nolit	target
CTSS	4	1	ot_nolit	native_reactome	ot_all__to__ot_nolit	target
ZFPM2	4	0	ot_nolit	native_reactome	ot_all__to__ot_nolit	background
MAP3K7	4	0	ot_nolit	native_reactome	ot_all__to__ot_nolit	background
STX4	4	0	ot_nolit	native_reactome	ot_all__to__ot_nolit	background
YY1	4	0	ot_nolit	native_reactome	ot_all__to__ot_nolit	background
NCF2	4	0	ot_nolit	native_reactome	ot_all__to__ot_nolit	background
PKN2	4	0	ot_nolit	native_reactome	ot_all__to__ot_nolit	background
PKP1	4	0	ot_nolit	native_reactome	ot_all__to__ot_nolit	background
DFFB	4	0	ot_nolit	native_reactome	ot_all__to__ot_nolit	background
GLG1	4	0	ot_nolit	native_reactome	ot_all__to__ot_nolit	background
ABCA7	4	0	ot_nolit	native_reactome	ot_all__to__ot_nolit	background
ICAM2	4	0	ot_nolit	native_reactome	ot_all__to__ot_nolit	background
GREB1	4	0	ot_nolit	native_reactome	ot_all__to__ot_nolit	background
GRB14	4	0	ot_nolit	native_reactome	ot_all__to__ot_nolit	background
JMY	4	0	ot_nolit	native_reactome	ot_all__to__ot_nolit	background
ATF5	4	0	ot_nolit	native_reactome	ot_all__to__ot_nolit	background
GM2A	4	0	ot_nolit	native_reactome	ot_all__to__ot_nolit	background
CCNB2	4	0	ot_nolit	native_reactome	ot_all__to__ot_nolit	background
INPP5D	4	0	ot_nolit	native_reactome	ot_all__to__ot_nolit	background
NUF2	4	0	ot_nolit	native_reactome	ot_all__to__ot_nolit	background
NXT1	4	0	ot_nolit	native_reactome	ot_all__to__ot_nolit	background
ABRAXAS2	4	0	ot_nolit	native_reactome	ot_all__to__ot_nolit	background
IFNB1	4	0	ot_nolit	native_reactome	ot_all__to__ot_nolit	background
MIS18A	4	0	ot_nolit	native_reactome	ot_all__to__ot_nolit	background
LRFN3	4	0	ot_nolit	native_reactome	ot_all__to__ot_nolit	background
DOCK9	4	0	ot_nolit	native_reactome	ot_all__to__ot_nolit	background
SIGLEC16	4	0	ot_nolit	native_reactome	ot_all__to__ot_nolit	background
CAST	4	0	ot_nolit	native_reactome	ot_all__to__ot_nolit	background
PNKP	4	0	ot_nolit	native_reactome	ot_all__to__ot_nolit	background
CD163	4	0	ot_nolit	native_reactome	ot_all__to__ot_nolit	background
IGFBP2	4	0	ot_nolit	native_reactome	ot_all__to__ot_nolit	background
PRKAB2	4	0	ot_nolit	native_reactome	ot_all__to__ot_nolit	background
HSPA1A	4	0	ot_nolit	native_reactome	ot_all__to__ot_nolit	background
SNTB1	4	0	ot_nolit	native_reactome	ot_all__to__ot_nolit	background
STK24	4	0	ot_nolit	native_reactome	ot_all__to__ot_nolit	background
KRT26	4	0	ot_nolit	native_reactome	ot_all__to__ot_nolit	background
CTSC	4	0	ot_nolit	native_reactome	ot_all__to__ot_nolit	background
AATF	4	0	ot_nolit	native_reactome	ot_all__to__ot_nolit	background
FCN2	4	0	ot_nolit	native_reactome	ot_all__to__ot_nolit	background
CASP4	4	0	ot_nolit	native_reactome	ot_all__to__ot_nolit	background
AKT1S1	4	0	ot_nolit	native_reactome	ot_all__to__ot_nolit	background
ATP6AP2	4	0	ot_nolit	native_reactome	ot_all__to__ot_nolit	background
CDH15	4	0	ot_nolit	native_reactome	ot_all__to__ot_nolit	background
SH2B1	4	0	ot_nolit	native_reactome	ot_all__to__ot_nolit	background
DYNC1LI1	4	0	ot_nolit	native_reactome	ot_all__to__ot_nolit	background
GYG2	4	0	ot_nolit	native_reactome	ot_all__to__ot_nolit	background
PEA15	4	0	ot_nolit	native_reactome	ot_all__to__ot_nolit	background
PNN	4	0	ot_nolit	native_reactome	ot_all__to__ot_nolit	background
CFB	4	0	ot_nolit	native_reactome	ot_all__to__ot_nolit	background
APBB1	4	0	ot_nolit	native_reactome	ot_all__to__ot_nolit	background
TAS1R1	4	0	ot_nolit	native_reactome	ot_all__to__ot_nolit	background
NCBP1	4	0	ot_nolit	native_reactome	ot_all__to__ot_nolit	background
WNT5A	4	0	ot_nolit	native_reactome	ot_all__to__ot_nolit	background
ATF6	4	0	ot_nolit	native_reactome	ot_all__to__ot_nolit	background
LIN7B	4	0	ot_nolit	native_reactome	ot_all__to__ot_nolit	background
BAZ1B	4	0	ot_nolit	native_reactome	ot_all__to__ot_nolit	background
GAB3	4	0	ot_nolit	native_reactome	ot_all__to__ot_nolit	background
MAD1L1	4	0	ot_nolit	native_reactome	ot_all__to__ot_nolit	background
CDKN2B	4	0	ot_nolit	native_reactome	ot_all__to__ot_nolit	background
SEC24A	4	0	ot_nolit	native_reactome	ot_all__to__ot_nolit	background
NLRC4	4	0	ot_nolit	native_reactome	ot_all__to__ot_nolit	background
SP3	4	0	ot_nolit	native_reactome	ot_all__to__ot_nolit	background
MMP11	4	0	ot_nolit	native_reactome	ot_all__to__ot_nolit	background
LRP6	4	0	ot_nolit	native_reactome	ot_all__to__ot_nolit	background
TEAD2	4	0	ot_nolit	native_reactome	ot_all__to__ot_nolit	background
KLRG1	4	0	ot_nolit	native_reactome	ot_all__to__ot_nolit	background
FOXO3	4	0	ot_nolit	native_reactome	ot_all__to__ot_nolit	background
CLEC7A	4	0	ot_nolit	native_reactome	ot_all__to__ot_nolit	background
RNF144A	4	0	ot_nolit	native_reactome	ot_all__to__ot_nolit	background
GYG1	4	0	ot_nolit	native_reactome	ot_all__to__ot_nolit	background
RAB10	4	0	ot_nolit	native_reactome	ot_all__to__ot_nolit	background
RABEP1	4	0	ot_nolit	native_reactome	ot_all__to__ot_nolit	background
GRIA2	4	0	ot_nolit	native_reactome	ot_all__to__ot_nolit	background
MTF2	4	0	ot_nolit	native_reactome	ot_all__to__ot_nolit	background
PROS1	4	0	ot_nolit	native_reactome	ot_all__to__ot_nolit	background
SSPN	4	0	ot_nolit	native_reactome	ot_all__to__ot_nolit	background
CNTNAP1	4	0	ot_nolit	native_reactome	ot_all__to__ot_nolit	background
IL36A	4	0	ot_nolit	native_reactome	ot_all__to__ot_nolit	background
P4HB	4	0	ot_nolit	native_reactome	ot_all__to__ot_nolit	background
XRCC6	4	0	ot_nolit	native_reactome	ot_all__to__ot_nolit	background
EZH1	4	0	ot_nolit	native_reactome	ot_all__to__ot_nolit	background
MCM6	4	0	ot_nolit	native_reactome	ot_all__to__ot_nolit	background
TIPIN	4	0	ot_nolit	native_reactome	ot_all__to__ot_nolit	background
CTSV	4	0	ot_nolit	native_reactome	ot_all__to__ot_nolit	background
GNAO1	4	0	ot_nolit	native_reactome	ot_all__to__ot_nolit	background
SKIC2	4	0	ot_nolit	native_reactome	ot_all__to__ot_nolit	background
PAGR1	4	0	ot_nolit	native_reactome	ot_all__to__ot_nolit	background
GRIN1	4	0	ot_nolit	native_reactome	ot_all__to__ot_nolit	background
PLXNA1	4	0	ot_nolit	native_reactome	ot_all__to__ot_nolit	background
RAB11A	4	0	ot_nolit	native_reactome	ot_all__to__ot_nolit	background
SH2B2	4	0	ot_nolit	native_reactome	ot_all__to__ot_nolit	background
HEXA	4	0	ot_nolit	native_reactome	ot_all__to__ot_nolit	background
MC4R	4	0	ot_nolit	native_reactome	ot_all__to__ot_nolit	background
HMGA2	4	0	ot_nolit	native_reactome	ot_all__to__ot_nolit	background
UACA	4	0	ot_nolit	native_reactome	ot_all__to__ot_nolit	background
CHEK1	4	0	ot_nolit	native_reactome	ot_all__to__ot_nolit	background
C4A	4	0	ot_nolit	native_reactome	ot_all__to__ot_nolit	background
GRIA3	4	0	ot_nolit	native_reactome	ot_all__to__ot_nolit	background
SPTA1	4	0	ot_nolit	native_reactome	ot_all__to__ot_nolit	background
RUNX3	4	0	ot_nolit	native_reactome	ot_all__to__ot_nolit	background
IL5	4	0	ot_nolit	native_reactome	ot_all__to__ot_nolit	background
TLR2	4	0	ot_nolit	native_reactome	ot_all__to__ot_nolit	background
MBTPS2	4	0	ot_nolit	native_reactome	ot_all__to__ot_nolit	background
GALNT2	4	0	ot_nolit	native_reactome	ot_all__to__ot_nolit	background
RRAGA	4	0	ot_nolit	native_reactome	ot_all__to__ot_nolit	background
SFRP1	4	0	ot_nolit	native_reactome	ot_all__to__ot_nolit	background
BAX	4	0	ot_nolit	native_reactome	ot_all__to__ot_nolit	background
ZNF687	4	0	ot_nolit	native_reactome	ot_all__to__ot_nolit	background
USP20	4	0	ot_nolit	native_reactome	ot_all__to__ot_nolit	background
GEN1	4	0	ot_nolit	native_reactome	ot_all__to__ot_nolit	background
CD1C	4	0	ot_nolit	native_reactome	ot_all__to__ot_nolit	background
MAGI2	4	0	ot_nolit	native_reactome	ot_all__to__ot_nolit	background
KIRREL2	4	0	ot_nolit	native_reactome	ot_all__to__ot_nolit	background
ACE	4	0	ot_nolit	native_reactome	ot_all__to__ot_nolit	background
HSPG2	4	0	ot_nolit	native_reactome	ot_all__to__ot_nolit	background
RHOA	4	0	ot_nolit	native_reactome	ot_all__to__ot_nolit	background
HOMER3	4	0	ot_nolit	native_reactome	ot_all__to__ot_nolit	background
PHLDA1	4	0	ot_nolit	native_reactome	ot_all__to__ot_nolit	background
CLEC6A	4	0	ot_nolit	native_reactome	ot_all__to__ot_nolit	background
GPX8	4	0	ot_nolit	native_reactome	ot_all__to__ot_nolit	background
NTN1	4	0	ot_nolit	native_reactome	ot_all__to__ot_nolit	background
NFKBIE	4	0	ot_nolit	native_reactome	ot_all__to__ot_nolit	background
UIMC1	4	0	ot_nolit	native_reactome	ot_all__to__ot_nolit	background
KIR2DL4	4	0	ot_nolit	native_reactome	ot_all__to__ot_nolit	background
LGI4	4	0	ot_nolit	native_reactome	ot_all__to__ot_nolit	background
H2AC6	4	0	ot_nolit	native_reactome	ot_all__to__ot_nolit	background
FES	4	0	ot_nolit	native_reactome	ot_all__to__ot_nolit	background
FIRRM	4	0	ot_nolit	native_reactome	ot_all__to__ot_nolit	background
IL1B	4	0	ot_nolit	native_reactome	ot_all__to__ot_nolit	background
MIF	4	0	ot_nolit	native_reactome	ot_all__to__ot_nolit	background
TFAP2A	4	0	ot_nolit	native_reactome	ot_all__to__ot_nolit	background
FCN1	4	0	ot_nolit	native_reactome	ot_all__to__ot_nolit	background
KPNB1	4	0	ot_nolit	native_reactome	ot_all__to__ot_nolit	background
PAPPA	4	0	ot_nolit	native_reactome	ot_all__to__ot_nolit	background
F5	4	0	ot_nolit	native_reactome	ot_all__to__ot_nolit	background
ATF7IP	4	0	ot_nolit	native_reactome	ot_all__to__ot_nolit	background
SYK	4	0	ot_nolit	native_reactome	ot_all__to__ot_nolit	background
IGKC	4	0	ot_nolit	native_reactome	ot_all__to__ot_nolit	background
EIF2AK1	4	0	ot_nolit	native_reactome	ot_all__to__ot_nolit	background
RBBP4	4	0	ot_nolit	native_reactome	ot_all__to__ot_nolit	background
TBC1D3	4	0	ot_nolit	native_reactome	ot_all__to__ot_nolit	background
STT3B	4	0	ot_nolit	native_reactome	ot_all__to__ot_nolit	background
MBTPS1	4	0	ot_nolit	native_reactome	ot_all__to__ot_nolit	background
PYGO2	4	0	ot_nolit	native_reactome	ot_all__to__ot_nolit	background
NPM2	4	0	ot_nolit	native_reactome	ot_all__to__ot_nolit	background
SH3KBP1	4	0	ot_nolit	native_reactome	ot_all__to__ot_nolit	background
DNAJA2	4	0	ot_nolit	native_reactome	ot_all__to__ot_nolit	background
FADD	4	0	ot_nolit	native_reactome	ot_all__to__ot_nolit	background
IL7	4	0	ot_nolit	native_reactome	ot_all__to__ot_nolit	background
HLA-E	4	0	ot_nolit	native_reactome	ot_all__to__ot_nolit	background
MAPK4	4	0	ot_nolit	native_reactome	ot_all__to__ot_nolit	background
EIF1AX	4	0	ot_nolit	native_reactome	ot_all__to__ot_nolit	background
GBP5	4	0	ot_nolit	native_reactome	ot_all__to__ot_nolit	background
NOS3	4	0	ot_nolit	native_reactome	ot_all__to__ot_nolit	background
PDHX	4	0	ot_nolit	native_reactome	ot_all__to__ot_nolit	background
IRS2	4	0	ot_nolit	native_reactome	ot_all__to__ot_nolit	background
EIF4A2	4	0	ot_nolit	native_reactome	ot_all__to__ot_nolit	background
AMBRA1	4	0	ot_nolit	native_reactome	ot_all__to__ot_nolit	background
ERF	4	0	ot_nolit	native_reactome	ot_all__to__ot_nolit	background
YWHAE	4	0	ot_nolit	native_reactome	ot_all__to__ot_nolit	background
PLXNC1	4	0	ot_nolit	native_reactome	ot_all__to__ot_nolit	background
NRGN	4	0	ot_nolit	native_reactome	ot_all__to__ot_nolit	background
CRLF2	4	0	ot_nolit	native_reactome	ot_all__to__ot_nolit	background
NCR3	4	0	ot_nolit	native_reactome	ot_all__to__ot_nolit	background
CNEP1R1	4	0	ot_nolit	native_reactome	ot_all__to__ot_nolit	background
PPARGC1B	4	0	ot_nolit	native_reactome	ot_all__to__ot_nolit	background
SERPIND1	4	0	ot_nolit	native_reactome	ot_all__to__ot_nolit	background
DENND5A	4	0	ot_nolit	native_reactome	ot_all__to__ot_nolit	background
CDK2AP2	4	0	ot_nolit	native_reactome	ot_all__to__ot_nolit	background
PIP4K2B	4	0	ot_nolit	native_reactome	ot_all__to__ot_nolit	background
MALT1	4	0	ot_nolit	native_reactome	ot_all__to__ot_nolit	background
MAPRE1	4	0	ot_nolit	native_reactome	ot_all__to__ot_nolit	background
PRKAR1B	4	0	ot_nolit	native_reactome	ot_all__to__ot_nolit	background
TASOR	4	0	ot_nolit	native_reactome	ot_all__to__ot_nolit	background
L1CAM	4	0	ot_nolit	native_reactome	ot_all__to__ot_nolit	background
KLRD1	4	0	ot_nolit	native_reactome	ot_all__to__ot_nolit	background
SETD1B	4	0	ot_nolit	native_reactome	ot_all__to__ot_nolit	background
CD1D	4	0	ot_nolit	native_reactome	ot_all__to__ot_nolit	background
C3AR1	4	0	ot_nolit	native_reactome	ot_all__to__ot_nolit	background
AGER	4	0	ot_nolit	native_reactome	ot_all__to__ot_nolit	background
ADAM20	4	0	ot_nolit	native_reactome	ot_all__to__ot_nolit	background
GLRA1	4	0	ot_nolit	native_reactome	ot_all__to__ot_nolit	background
MMP16	4	0	ot_nolit	native_reactome	ot_all__to__ot_nolit	background
EFCAB7	4	0	ot_nolit	native_reactome	ot_all__to__ot_nolit	background
ITGA2	4	0	ot_nolit	native_reactome	ot_all__to__ot_nolit	background
PMEPA1	4	0	ot_nolit	native_reactome	ot_all__to__ot_nolit	background
HJURP	4	0	ot_nolit	native_reactome	ot_all__to__ot_nolit	background
WWP2	4	0	ot_nolit	native_reactome	ot_all__to__ot_nolit	background
NIPBL	4	0	ot_nolit	native_reactome	ot_all__to__ot_nolit	background
SFTPA2	4	0	ot_nolit	native_reactome	ot_all__to__ot_nolit	background
SELP	4	0	ot_nolit	native_reactome	ot_all__to__ot_nolit	background
MYO19	4	0	ot_nolit	native_reactome	ot_all__to__ot_nolit	background
ABHD17C	4	0	ot_nolit	native_reactome	ot_all__to__ot_nolit	background
DENND4C	4	0	ot_nolit	native_reactome	ot_all__to__ot_nolit	background
LILRB1	4	0	ot_nolit	native_reactome	ot_all__to__ot_nolit	background
SLC17A7	4	0	ot_nolit	native_reactome	ot_all__to__ot_nolit	background
CACNB3	4	0	ot_nolit	native_reactome	ot_all__to__ot_nolit	background
KAT6A	4	0	ot_nolit	native_reactome	ot_all__to__ot_nolit	background
CBLL1	4	0	ot_nolit	native_reactome	ot_all__to__ot_nolit	background
UHMK1	4	0	ot_nolit	native_reactome	ot_all__to__ot_nolit	background
CD160	4	0	ot_nolit	native_reactome	ot_all__to__ot_nolit	background
