name,content,version_release,access_route,size,licence,citation,directions,status,notes,used_in_pilot
cBioPortal public studies (REST API via cancer-models connector),"Open cancer genomics cohorts: somatic mutations, discrete CNA, structural variants, mRNA/protein where present, clinical attributes","live API, queried 2026-09-19; 245 studies enumerated across keywords msk/metastatic/pan_can/impact","host.mcp('cancer-models', 'cbioportal_list_studies'|'cbioportal_get_study'|'cbioportal_clinical_attributes'|'cbioportal_mutations_in_gene'|'cbioportal_cna_in_gene')",API; per-study tarballs 10 MB - 2 GB,"cBioPortal public data, free for research use (per-study source terms apply)",Cerami et al. Cancer Discov 2012; Gao et al. Sci Signal 2013,D1;D2;D4,verified_working,INTERMITTENT: www.cbioportal.org returned ReadTimeout/SSL EOF on roughly half of all calls this session; retry loops needed. 7 of 245 studies had full detail records fetched.,"Yes - D1 frequencies (6 exome/genome cohorts, 5,806 samples); D2 arms A-C0; D4 variant set (4 TCGA cohorts)"
MSK-MET (msk_met_2021),"25,775 metastatic+primary tumours, MSK-IMPACT panel; mutation, CNA, SV; 52 clinical attributes incl. SAMPLE_TYPE, PRIMARY_SITE, METASTATIC_SITE, MET_SITE_COUNT, OS_MONTHS/OS_STATUS","cBioPortal study msk_met_2021, PMID 35120664",cbioportal_get_study(study_id='msk_met_2021'),"25,775 samples / 25,775 patients",cBioPortal public,Nguyen et al. Cell 2022 (PMID 35120664),D2,verified_working,Primary/metastatic labels confirmed present - the core D2 cohort.,"Yes - D2 anchor cohort, all four contrast arms"
MSK-CHORD (msk_chord_2024),"25,040 samples / 24,950 patients; mutation, CNA, SV, clinical","cBioPortal, PMID 39506116",cbioportal_get_study(study_id='msk_chord_2024'),"25,040 samples",cBioPortal public,Jee et al. Nature 2024 (PMID 39506116),D2,verified_working,"25,034 samples with CNA.","No - excluded from the D2 pilot in error. The exclusion reason (mutation only, cna_sample_count = 0) belongs to msk_ch_2023, a different study (Cancer Therapy and Clonal Hematopoiesis, Blood Adv 2023, 42,714 samples). msk_chord_2024 has 25,034 samples with CNA and is usable; it enters D2 in Q1."
MSK-IMPACT 2017 (msk_impact_2017),"10,945 samples / 10,336 patients; mutation, CNA, SV, clinical","cBioPortal, PMID 28481359",cbioportal_get_study(study_id='msk_impact_2017'),"10,945 samples",cBioPortal public,Zehir et al. Nat Med 2017 (PMID 28481359),D1;D2;D4,verified_working,,Not used in pilot
MSK-IMPACT 50k (msk_impact_50k_2026),"54,331 sequenced samples; mutation, CNA, SV","cBioPortal study listing, 2026",cbioportal_list_studies(keyword='msk'),"54,331 sequenced samples",cBioPortal public,study record carries no PMID in the listing,D1;D2,verified_working,"PROVISIONAL: appears in the study listing (largest open cohort found) but cbioportal_get_study timed out, so counts are the listing's sequenced_sample_count only.",Not used in pilot
TCGA PanCanAtlas studies (e.g. brca_tcga_pan_can_atlas_2018),"Per-cancer TCGA cohorts; mutation, GISTIC CNA, log2 CNA, RNA-seq v2 mRNA, HM27/HM450 methylation, RPPA + CPTAC mass-spec protein and phosphoprotein, SV, 60 clinical attributes with OS/DFS/DSS/PFS",PanCanAtlas 2018 freeze on cBioPortal; 40 studies matched keyword 'pan_can',cbioportal_get_study(study_id='<cancer>_tcga_pan_can_atlas_2018'),"BRCA: 1,084 samples (1,066 sequenced, 1,070 CNA, 1,082 mRNA)",TCGA open tier (NIH GDC open-access data),Hoadley et al. Cell 2018 and the PanCanAtlas series (BRCA record lists 12 PMIDs),D1;D3;D4,verified_working,Only brca_tcga_pan_can_atlas_2018 had its profile list fetched; the other 39 are from the listing.,Not used in pilot
China Pan-cancer OrigiMed (pan_origimed_2020),"10,194 samples/patients; mutation, CNA, SV, clinical","cBioPortal, PMID 35871175",cbioportal_get_study(study_id='pan_origimed_2020'),"10,194 samples",cBioPortal public,PMID 35871175,D1;D2,verified_working,Non-Western ancestry pan-cancer comparator.,Not used in pilot
cBioPortal datahub (bulk staging files),"Per-study flat files: data_mutations.txt (MAF), data_cna.txt, data_clinical_sample.txt - the bulk route that the per-gene API cannot provide","master branch, fetched 2026-09-19",https://raw.githubusercontent.com/cBioPortal/datahub/master/public/<study_id>/<file>,"README 3,925 B and public/msk_met_2021/meta_study.txt 1,208 B retrieved; data files not sized",cBioPortal public,cBioPortal datahub,D1;D2;D4,partially_verified,"PARTIAL: README.md and meta_study.txt fetched 200 OK; subsequent attempts on data_clinical_sample.txt / data_mutations.txt hit proxy 502s (transient). Large files are Git-LFS backed - LFS pointer vs real bytes NOT confirmed. STATUS CORRECTED: only README.md and meta_study.txt were retrieved; the bulk data files (data_clinical_sample.txt, data_mutations.txt) failed on every attempt, so the route's core deliverable is unproven and Git-LFS pointer-vs-bytes behaviour is unconfirmed.","Yes - D1 frequencies (6 exome/genome cohorts, 5,806 samples); D2 arms A-C0; D4 variant set (4 TCGA cohorts)"
FunMap pan-cancer functional network (edge list),"Binary gene-gene functional edge list: 196,800 edges over 10,525 genes","funmap.linkedomics.org portal, downloaded 2026-09-19",https://funmap.linkedomics.org/data/download/funmap.tsv,"2,411,499 bytes (2.4 MB) TSV, 2 columns, no header",Not stated on the download page; paper is Nat Cancer 2025 - confirm reuse terms with authors,"Zhang lab, FunMap, Nat Cancer 2025, doi:10.1038/s43018-024-00869-z",D1;D3,verified_working,Downloaded and parsed this session. Required network access grant for funmap.linkedomics.org.,Yes - D1 network arm; D3 prior arm
FunMap dense modules + hierarchical organisation (GMT),"FunMap_DenseModules.gmt (module membership) and FunMap_HierarchicalOrganization.gmt (multi-level hierarchy, L1_M1 root = 10,189 genes)","funmap.linkedomics.org, downloaded 2026-09-19",https://funmap.linkedomics.org/data/download/FunMap_DenseModules.gmt and .../FunMap_HierarchicalOrganization.gmt,"42,875 B and 2,768,423 B",As above,"FunMap, Nat Cancer 2025",D1;D3,verified_working,,Yes - D1 network arm; D3 prior arm
FunMap all-pair prediction scores (Zenodo),Prediction score for every gene pair - the weighted form of the network,"Zenodo record 10080764, DOI 10.5281/zenodo.10080764, published 2023-11-07",https://zenodo.org/api/records/10080764/files/all_pair_prediction_score.tsv.gz/content,"1,762,506,252 bytes (1.76 GB gzipped)",CC BY 4.0,FunMap Zenodo deposit 10.5281/zenodo.10080763,D1;D3,verified_working,Metadata + size verified via Zenodo API; file NOT downloaded (1.76 GB). Feasible on 28 GiB RAM only if streamed/chunked.,Yes - D1 network arm; D3 prior arm
FunMap input expression matrices + feature table (Zenodo),CPTAC/TCGA input matrices (228 MB) and the model training feature table (24.5 GB),Zenodo 7948944 (2023-05-18) and 7949375 (2023-05-18),https://zenodo.org/api/records/7948944/... and https://zenodo.org/api/records/7949375/...,"228,642,161 B and 24,521,818,212 B",CC BY 4.0,FunMap Zenodo deposits,D3,verified_working,The 24.5 GB feature table exceeds practical local disk/RAM budget - do not plan on retraining FunMap locally.,Yes - D1 network arm; D3 prior arm
MLOmics benchmark (figshare),"TCGA-derived multi-omics ML benchmark: mRNA, miRNA, methylation, CNV matrices + subtype labels for 14 cancer cohorts (ACC, BRCA, COAD, GBM, KIRC, KIRP, LGG, LIHC, LUAD, LUSC, OV, PRAD, THCA, THYM) in raw / aligned / top-feature variants, plus Pan-cancer and survival files","figshare article 28729127 version v2, published 2025-05-25, DOI 10.6084/m9.figshare.28729127.v2",https://api.figshare.com/v2/articles/28729127 then https://ndownloader.figshare.com/files/<id> (redirects to s3-eu-west-1.amazonaws.com),"9,484,007,709 bytes total (9.5 GB) across 240 files; individual matrices 0.5-80 MB",CC BY 4.0,"MLOmics, Sci Data 2025, doi:10.1038/s41597-025-05235-x (PMID 40447627)",D3,verified_working,"End-to-end download verified: GBM_label_num.csv retrieved, 494 bytes of real content. Needed three network grants (figshare.com, api.figshare.com, ndownloader.figshare.com, s3-eu-west-1.amazonaws.com). Paper cites v1 (28729127.v1); the API now serves v2. Per-cohort subsets keep this well inside the 28 GiB budget.","Yes - D3, 5 subtype cohorts / 1,702 samples analysed (1,706 shipped, less a 4-sample COAD class) / 371.6 MB of the 9.48 GB release"
COSMIC reference mutational signatures v3.4,"SBS reference signature matrix, 96 trinucleotide contexts x 86 signatures, GRCh37","COSMIC v3.4, as redistributed in SigProfilerAssignment (main branch), downloaded 2026-09-19",https://raw.githubusercontent.com/AlexandrovLab/SigProfilerAssignment/main/SigProfilerAssignment/data/Reference_Signatures/GRCh37/COSMIC_v3.4_SBS_GRCh37.txt,"96,398 bytes TSV; 96 rows x 87 columns",COSMIC non-commercial academic terms apply to the signature definitions; redistributed in the SigProfilerAssignment repository,Alexandrov et al. Nature 2020 (PMID 32025018); COSMIC Mutational Signatures v3.4,D2;D4,substituted,"SUBSTITUTE ROUTE. The canonical download (cancer.sanger.ac.uk/signatures) serves files from cog.sanger.ac.uk, which is not on the allowlist. The Alexandrov-lab GitHub copy was fetched and parsed instead.",No - signature axis dropped with PCAWG exposures
PCAWG per-sample mutational-signature exposures (open tier),Consensus SBS/DBS/ID signature activities per PCAWG donor,not obtained,"ATTEMPTED: dcc.icgc.org/releases/PCAWG (portal retired June 2024, remaining data 'for authorized users'); pcawg.xenahubs.net (HTTP 502, hub appears down); repo-prod.prod.sagebase.org / Synapse (not on allowlist); cog.sanger.ac.uk (not on allowlist)",unknown,,Alexandrov et al. Nature 2020 (PMID 32025018),D2;D4,blocked,"No open route found this session. Europe PMC supplementary for PMC7054213 was retrieved (5,551,048 B) but contains only PDFs and figure images - no exposure tables.","No - unreachable, signature axis of D2 removed from scope"
Bailey 2018 consensus driver-gene list (Cell Table S1),299-gene pan-cancer consensus driver set from 26 driver-detection methods,not obtained,ATTEMPTED: www.cell.com (not on allowlist); Europe PMC PMC6029450 supplementaryFiles (rejected - 'Article with id PMC6029450 is not open access one'); gdc.cancer.gov/about-data/publications/pancanatlas (granted but every request failed with SSL EOF / ReadTimeout),unknown,Cell / CC BY-NC-ND 4.0 for the article,Bailey et al. Cell 2018 (PMID 29625053),D1;D2;D4,blocked,Substituted by the IntOGen compendium (next row).,Not used in pilot
IntOGen Compendium of Cancer Genes,"Driver-gene compendium: 4,478 gene-cohort driver calls covering 633 unique genes across 260 cohorts and 86 cancer types, with METHODS, ROLE, DOMAINS, 2D/3D clusters, q-values",IntOGen-Drivers-20240920 release; archive folder 2024-06-18_IntOGen-Drivers; README header inside the archive still reads 'RELEASE 20230531',https://www.intogen.org/download?file=IntOGen-Drivers-20240920.zip,"964,758 B zip; Compendium_Cancer_Genes.tsv 790,207 B; Unfiltered_drivers.tsv 4,406,333 B",CC0 1.0 Universal (LICENSE.txt in the archive),Martinez-Jimenez et al. Nat Rev Cancer 2020; IntOGen release 2024-09-20,D1;D2;D4,substituted,VERIFIED OPEN SUBSTITUTE for the Bailey list. Downloaded and parsed this session. www.intogen.org is intermittent (several SSL EOF failures before success).,Yes - D1 label set; D4 driver labels and gene roles
Open Targets Platform,"Target-disease association scores, genetic constraint, tractability, known drugs, evidence","API version 26.6.3, data version 26.06 (returned by a live meta query)","host.mcp('clinical-genomics','open_targets_graphql'|'open_targets_disease_targets'|'open_targets_disease_drugs')",API,CC0 1.0 for Open Targets data,Ochoa et al. Nucleic Acids Res (Open Targets Platform),D1;D4,verified_working,Live query on ENSG00000141510 (TP53) returned approvedSymbol + geneticConstraint.,"Yes - D1 second and third label sets (top 4,000 of 22,581 targets); D1 candidate evidence"
CIViC clinical evidence,"Curated clinical interpretations of somatic variants (evidence items, assertions, AMP/ASCO/CAP tiers)",not obtained,"host.mcp('clinical-genomics','civic_search_genes'|'civic_search_variants'|'civic_search_diseases') - six attempts across three methods, every call returned 'did not respond within 60s'",API,CC0 1.0 for CIViC content,Griffith et al. Nat Genet 2017,D1;D4,blocked,"Confirmed failing at the end of the session: civic_search_genes(BRAF), civic_search_variants(V600E) and civic_search_diseases(melanoma) all timed out at 60s. ClinGen and Open Targets on the SAME connector succeeded in the same cells, so this is CIViC-specific upstream unavailability, plausibly transient. Re-test before the pilot phase.",No - API down; Open Targets + ClinGen substituted
ClinGen gene-disease validity,Gene-disease validity classifications (Definitive/Strong/Moderate/Limited/Disputed/Refuted),"live, queried 2026-09-19","host.mcp('clinical-genomics','clingen_gene_validity', gene=...)","API; ~3,600 curations",CC0 for ClinGen curations,ClinGen (Rehm et al. NEJM 2015),D1;D4,verified_working,"TP53 -> Li-Fraumeni syndrome, classification 'Definitive'.",Yes - D1 candidate evidence layer
ClinGen dosage sensitivity,Haploinsufficiency and triplosensitivity assertions per gene / ISCA region,"live, queried 2026-09-19","host.mcp('clinical-genomics','clingen_dosage_sensitivity', gene=...)",API,CC0,ClinGen Dosage Sensitivity Map,D1;D4,verified_working,PTEN record returned with GRCh37/GRCh38 coordinates and both assertions.,Yes - D1 candidate evidence layer
gnomAD gene constraint,"pLI, LOEUF (oe_lof_upper), observed/expected LoF-missense-synonymous, z-scores",gnomAD r4 (connector-pinned),"host.mcp('variants','gene_constraint', gene_symbol=...)",API,gnomAD data is free of restriction (CC0-equivalent),Chen et al. Nature 2024 (gnomAD v4),D4,verified_working,"TP53: pLI 0.9996, LOEUF 0.418.","Yes - D4 gene-level constraint (1,457 of 1,511 genes)"
ClinVar variant classifications,"Clinical significance, review status, gold stars per variant; also direct NCBI records by rsID/accession",ClinVar snapshot release date 2026-06-06 (reported by the gnomAD mirror),"host.mcp('variants','clinvar_variants'|'clinvar_variant_by_rsid'|'clinvar_get_records')",API,ClinVar is public domain,Landrum et al. Nucleic Acids Res (ClinVar),D4,verified_working,"PTEN query returned 3,322 variants.",Yes - D4 germline-calibrated score layer
STRING protein-protein interaction network,Scored functional/physical interaction edges with per-channel evidence,STRING v12.0 (stable address version-12-0.string-db.org),"host.mcp('protein-annotation','get_string_network'|'map_string_ids')",API,CC BY 4.0,Szklarczyk et al. Nucleic Acids Res 2023 (STRING v12),D1;D3,verified_working,"TP53/MDM2/CDKN2A/RB1/ATM: 5/5 mapped, 9 edges at score>=700.",Yes - D1 second network arm (combined score >=700); D3 prior arm
InterPro / Pfam domain annotation,"Complete InterPro domain architecture per UniProt accession incl. Pfam, PANTHER, SMART, PROSITE, CDD signatures and coordinates","live InterPro API, queried 2026-09-19","host.mcp('protein-annotation','get_domain_architecture'|'get_interpro_entry'|'get_pfam_family_proteins')",API,InterPro is public domain (EMBL-EBI terms of use),Blum et al. Nucleic Acids Res (InterPro),D4,verified_working,P04637 (TP53) returned 9 InterPro entries over 393 aa. Release number not exposed in the response.,"Yes - D4 domain context (1,484 of 1,511 genes)"
GTEx tissue expression and eQTLs,"Median and sample-level TPM across 54 tissues, eGenes, single/multi-tissue eQTLs","four releases available: gtex_v10, gtex_v8 (default, GENCODE v26/GRCh38), gtex_v7, kids_first_harmonization","host.mcp('expression','gtex_dataset_info'|'gtex_expression_summary'|'gtex_median_expression'|'gtex_single_tissue_eqtls')",API,GTEx open-access summary data (dbGaP controls only individual-level data),GTEx Consortium Science 2020,D4,verified_working,TP53 resolved to ENSG00000141510.16 (GENCODE v26) with 54 tissues.,"Yes - D4 expression feature (1,482 of 1,511 genes)"
Europe PMC supplementary-file service,Zip of supplementary files for open-access articles,"live, queried 2026-09-19",https://www.ebi.ac.uk/europepmc/webservices/rest/<PMCID>/supplementaryFiles,"PMC7025898 (PCAWG) 61,932,044 B; PMC7054213 (Alexandrov signatures) 5,551,048 B; PMC12125382 (MLOmics) 778,186 B",Per-article licence,Europe PMC Consortium,D1;D2;D3;D4,verified_working,Works only for OA articles: PMC6029450 (Bailey) and PMC12036749 (FunMap) are refused as non-OA. PCAWG bundle contains Supplementary Tables 1-21 as xlsx/docx.,Yes - D2 retrieved Priestley 2019 and Martinez-Jimenez 2023 for claim extraction
Hartwig Medical Foundation metastatic WGS (Priestley 2019),"2,520 metastatic WGS pairs",,database.hartwigmedicalfoundation.nl - data-request (DR) application required,,Controlled access under a Hartwig data-access agreement,Priestley et al. Nature 2019 (PMID 31645765),D2 (motivation only),controlled_access_excluded,Excluded by the proposal's open-data rule. Cite the published summary findings as the benchmark; do not plan on the data.,Not used in pilot
PCAWG / ICGC 25K individual-level data,"Whole-genome somatic and germline calls for 2,658 donors",,ICGC DACO; the ICGC Data Portal itself closed in June 2024 (retirement notice retrieved from dcc.icgc.org/releases/PCAWG),,Controlled access (ICGC DACO) / dbGaP for TCGA-derived donors,"ICGC/TCGA PCAWG Consortium, Nature 2020 (PMID 32025007)",D2;D4 (motivation only),controlled_access_excluded,Confirmed live: the portal returns a retirement notice stating remaining data is available to authorized users only.,"No - unreachable, signature axis of D2 removed from scope"
Reactome pathway prior (via MLOmics linking files),Pathway membership used as third prior arm in D3,as shipped with MLOmics 28729127 v2,figshare item 28729127 v2,included in MLOmics release,CC BY 4.0,"MLOmics, Sci Data 2025",D3,verified_working,Third prior arm alongside FunMap and STRING.,Yes - D3 prior arm
TCGA PanCanAtlas cohorts via cBioPortal,"9 cohorts / 4,675 samples with mutation+CNA for D2; 4 cohorts / 2,572 samples for D4","PanCanAtlas as served by cBioPortal, fetched 2026-09-19",cancer-models connector,"4,675 (D2) and 2,572 (D4) samples",cBioPortal public / TCGA open tier,TCGA PanCanAtlas; Cerami 2012; Gao 2013,D2;D4,verified_working,Substitute for the unreachable GDC MC3 open MAF.,Yes - D2 cross-platform arm; D4 variant set
Cancer Therapy and Clonal Hematopoiesis (msk_ch_2023),"42,714 sequenced samples, mutation only (cna_sample_count = 0); clonal haematopoiesis, not a primary/metastatic cohort","Blood Adv 2023, PMID 38147626",cBioPortal study msk_ch_2023,"42,714 samples",cBioPortal public,Blood Adv 2023 (PMID 38147626),none,verified_working,Listed to prevent recurrence of the study-id confusion: this is NOT MSK-CHORD.,No - not relevant to any direction; recorded to disambiguate from msk_chord_2024
HGNC complete set,"Complete gene-symbol authority: approved symbols, previous symbols, aliases, Entrez/Ensembl/UniProt IDs for ~43,000 genes","HUGO Gene Nomenclature Committee, downloaded 2026-09-26",https://storage.googleapis.com/public-download-files/hgnc_complete_set.txt,"16,952,576 B (16.95 MB) TSV",HGNC terms of use (free for academic/research),Seal et al. Nucleic Acids Res 2025 (HGNC),D1,verified_working,Used by `d1/hgnc.py` for cross-database ID harmonization (D-02). 11 unit tests in tests/test_hgnc.py.,Yes - D1 HGNC mapper (used by every network builder and every label builder)
gene2pubmed (NCBI),"Per-gene PubMed publication counts for control 7 (publication-bias adjustment), built from gene2pubmed.gz; tax_id 9606 (human)","NCBI gene2pubmed, downloaded 2026-09-26",https://ftp.ncbi.nlm.nih.gov/gene/DATA/gene2pubmed.gz,"287,496,256 B (287 MB) gzipped; ~5 M lines",NCBI terms of use (public domain),Maglott et al. Nucleic Acids Res (NCBI Gene),D1,verified_working,"Used by `scripts/build_pubcount.py` to compute per-gene log10(n+1) PubMed count (D-LOG10); 33,109 genes in human subset. 2 tests in tests/test_pubcount.py.","Yes - D1 publication-count control (Control 7, H3)"
IntAct molecular interaction database (PSICQUIC),Curated and experimentally-derived protein-protein interactions in PSI-MITAB 2.7 format; ~11 GB human subset,"IntAct 2024 release, downloaded 2026-09-27",https://ftp.ebi.ac.uk/pub/databases/intact/current/psimitab/intact.txt or via PSICQUIC web services,1+ GB compressed; ~11 GB uncompressed human subset,CC BY 4.0,Del Toro et al. Nucleic Acids Res 2013 (IntAct),D1,verified_working,"Streamed inside intact.zip to keep memory flat (do not unzip). Parsed by scripts/build_intact.py; 564,706 edges in LCC after UniProt->HGNC mapping. Per D-04: human-human pairs, both taxid 9606, no MI-score threshold in primary arm; MI >= 0.45 as sensitivity arm.",Yes - D1 network arm (one of 6 primary networks)
Reactome curated pathway interactions,Human-only curated pathway interactions in tab-delimited format; UniProt IDs as interactors,"Reactome 2024 release, downloaded 2026-09-27",https://reactome.org/download/current/interactions/reactome.homo_sapiens.interactions.tab-delimited.txt,~125 KB,CC BY 4.0,Jassal et al. Nucleic Acids Res 2020 (Reactome),D1,verified_working,"Parsed by scripts/build_reactome.py; 20,143 edges in LCC after UniProt->HGNC mapping. 60% UniProt mapping yield (lower than IntAct) because Reactome catalogues include enzyme complexes whose subunits often do not have a single UniProt ID.","Yes - D1 network arm (one of 6 primary networks; smallest LCC at 3,953 nodes)"
ClinGen Gene Validity Curations (CSV download),CSV-formatted gene-disease validity curations with classifications (Definitive/Strong/Moderate/Limited/Disputed/Refuted/No Known Disease Relationship),"ClinGen 2026-09 download, clingen_gene_validity.csv",https://clinicalgenome.org/curations/ Gene Validity Curations CSV,"1,121,376 B (1.12 MB) CSV",CC0 1.0 for ClinGen curations,Rehm et al. NEJM 2015 (ClinGen),D1,verified_working,"Used by `scripts/build_clingen.py` (B-side, S2 follow-up). Restricts to cancer diseases (MONDO_0045024 subset, 3,661 disease IDs). Drops Limited/Disputed/Refuted/No Known Disease Relationship. -> 92 rows -> 84 unique approved symbols (HGNC-mapped). Used as 5th label in main factorial.","Yes - D1 clingen_label (5th label, S2)"
CPTAC mRNA matrices (FunMap input Zenodo),"CPTAC human mRNA matrices for 11 cancer cohorts (5 with tumour + normal, 6 tumour only), used by A-rna_coexp to build the RNA co-expression network","Zenodo record 7948944, published 2023-05-18",https://zenodo.org/records/7948944,"228,642,161 B (228 MB)",CC BY 4.0,FunMap Zenodo deposit 10.5281/zenodo.7948944,D1,verified_working,"Used by `scripts/build_rna_coexp.py` (A-side, W2-W3). 10 cohorts (HCC dropped: only ComBat-normalised). 196,172 edges after density-matching to FunMap's 196,800 (D-05).",Yes - D1 network arm (one of 6 primary networks; the RNA co-expression arm)
FunMap Zenodo 7949375 (feature table),FunMap model training feature table - NOT downloaded (24.5 GB exceeds practical local disk budget),"Zenodo record 7949375, published 2023-05-18",https://zenodo.org/records/7949375,"24,521,818,212 B (24.5 GB)",CC BY 4.0,FunMap Zenodo deposit 10.5281/zenodo.7949375,D1,verified_not_downloaded,24.5 GB feature table exceeds practical local disk/RAM budget - do not plan on retraining FunMap locally. The pre-built funmap.tsv (Zenodo 7948944 input) is sufficient for the protocol's network arm.,No - infeasible on personal compute
IntOGen releases 2020 / 2023 / 2024 (multiple releases),Per-release driver-gene compendium; needed for D-09 temporal split (train on 2024 minus 2020 -> evaluate on 2020->2024 newly-added drivers),"3 releases: 2020-02-01, 2023-05-31, 2024-09-20; downloaded 2026-09-26",https://www.intogen.org/download (one zip per release),"~0.65 MB each, 3 zips",CC0 1.0 Universal,Martinez-Jimenez et al. Nat Rev Cancer 2020; IntOGen release notes,D1,verified_working,"Used by `scripts/build_intogen.py` (B-side). Per-decision D-09: temporal split = intogen_temporal_new (152 genes = set(2024) - set(2020)). Used in D-09 temporal-drift arms; train on 2024 minus temporal_new, evaluate on temporal_new alone.",Yes - D1 temporal-drift control (Control 6)
Open Targets Platform 26.06 (parquets),"Per-target-disease association scores from 26.06 release; 4 parquet folders: target, disease, association_overall_direct, association_by_datasource_direct; needed for ot_all (top-N targets by cancer-disease max-score) and ot_nolit (ot_all recomputed without europepmc datasource)",Open Targets 26.06; downloaded 2026-09-26,https://ftp.ebi.ac.uk/pub/databases/opentargets/platform/26.06/,2.76 GB across 28 part files; 1159 MB association_overall_direct + 1195 MB association_by_datasource_direct,CC0 1.0 Universal,Ochoa et al. Nucleic Acids Res 2025 (Open Targets Platform),D1,verified_working,Used by `scripts/build_opentargets.py` (B-side). Per D-OT-AREA: cancer ontology root = MONDO_0045024. Per D-OT-NOLIT-SCORE: ot_nolit = harmonic sum H(s) = sum_i s_i / i^2 / (pi^2/6) over the per-datasource scores with europepmc dropped. Per D-OT-CAP: ot_all and ot_nolit each capped at top 600 genes by score. Schema bug in W2: aggregationType (not datasourceId) carries the real datasource name; score column is associationScore not score. 6 tests in tests/test_build_opentargets.py.,Yes - D1 ot_all + ot_nolit labels (2 of 4 primary label sets)
cBioPortal cancer-models connector (TM4 first task),"cBioPortal public API for cohorts, mutations, gene panels; rate-limited and intermittent - needs retry-with-backoff + on-disk cache","cBioPortal public API, queried 2026-09-19","host.mcp('cancer-models','cbioportal_list_studies'|'cbioportal_get_study'|'cbioportal_clinical_attributes'|'cbioportal_mutations_in_gene'|'cbioportal_cna_in_gene')",API,cBioPortal public,Cerami et al. Cancer Discov 2012,D1; (TM4 caching client),verified_intermittent,Per protocol §3: cBioPortal API failed on roughly half of all calls during proposal preparation. TM4 implements retry-with-backoff (1/2/4/8/16 s) + on-disk cache keyed by URL + parameters; no other code calls the API directly. Used by Person B in d1/data/cbioportal.py client.,No - data layer only; not used as a D1 input per se
