network	repeat	method	alpha	n_test_pos	n_test	auroc	auprc	p_at_50	p_at_100	p_at_500	degree_auroc	delta_auroc
intact	0	rwr	0.3	150	17918	0.6593538946420532	0.014136698530742191	0.0	0.0	0.0	0.6356310971034068	0.023722797538646367
intact	0	rwr	0.5	150	17918	0.6644052979138526	0.014554031203016873	0.0	0.0	0.0	0.6356310971034068	0.028774200810445794
intact	0	rwr	0.7	150	17918	0.6636909049977489	0.014543047257128686	0.0	0.0	0.0	0.6356310971034068	0.028059807894342037
intact	1	rwr	0.3	150	17918	0.6593538946420532	0.014136698530742191	0.0	0.0	0.0	0.6356310971034068	0.023722797538646367
intact	1	rwr	0.5	150	17918	0.6644052979138526	0.014554031203016873	0.0	0.0	0.0	0.6356310971034068	0.028774200810445794
intact	1	rwr	0.7	150	17918	0.6636909049977489	0.014543047257128686	0.0	0.0	0.0	0.6356310971034068	0.028059807894342037
intact	2	rwr	0.3	150	17918	0.6593538946420532	0.014136698530742191	0.0	0.0	0.0	0.6356310971034068	0.023722797538646367
intact	2	rwr	0.5	150	17918	0.6644052979138526	0.014554031203016873	0.0	0.0	0.0	0.6356310971034068	0.028774200810445794
intact	2	rwr	0.7	150	17918	0.6636909049977489	0.014543047257128686	0.0	0.0	0.0	0.6356310971034068	0.028059807894342037
intact	3	rwr	0.3	150	17918	0.6593538946420532	0.014136698530742191	0.0	0.0	0.0	0.6356310971034068	0.023722797538646367
intact	3	rwr	0.5	150	17918	0.6644052979138526	0.014554031203016873	0.0	0.0	0.0	0.6356310971034068	0.028774200810445794
intact	3	rwr	0.7	150	17918	0.6636909049977489	0.014543047257128686	0.0	0.0	0.0	0.6356310971034068	0.028059807894342037
intact	4	rwr	0.3	150	17918	0.6593538946420532	0.014136698530742191	0.0	0.0	0.0	0.6356310971034068	0.023722797538646367
intact	4	rwr	0.5	150	17918	0.6644052979138526	0.014554031203016873	0.0	0.0	0.0	0.6356310971034068	0.028774200810445794
intact	4	rwr	0.7	150	17918	0.6636909049977489	0.014543047257128686	0.0	0.0	0.0	0.6356310971034068	0.028059807894342037
intact	5	rwr	0.3	150	17918	0.6593538946420532	0.014136698530742191	0.0	0.0	0.0	0.6356310971034068	0.023722797538646367
intact	5	rwr	0.5	150	17918	0.6644052979138526	0.014554031203016873	0.0	0.0	0.0	0.6356310971034068	0.028774200810445794
intact	5	rwr	0.7	150	17918	0.6636909049977489	0.014543047257128686	0.0	0.0	0.0	0.6356310971034068	0.028059807894342037
intact	6	rwr	0.3	150	17918	0.6593538946420532	0.014136698530742191	0.0	0.0	0.0	0.6356310971034068	0.023722797538646367
intact	6	rwr	0.5	150	17918	0.6644052979138526	0.014554031203016873	0.0	0.0	0.0	0.6356310971034068	0.028774200810445794
intact	6	rwr	0.7	150	17918	0.6636909049977489	0.014543047257128686	0.0	0.0	0.0	0.6356310971034068	0.028059807894342037
intact	7	rwr	0.3	150	17918	0.6593538946420532	0.014136698530742191	0.0	0.0	0.0	0.6356310971034068	0.023722797538646367
intact	7	rwr	0.5	150	17918	0.6644052979138526	0.014554031203016873	0.0	0.0	0.0	0.6356310971034068	0.028774200810445794
intact	7	rwr	0.7	150	17918	0.6636909049977489	0.014543047257128686	0.0	0.0	0.0	0.6356310971034068	0.028059807894342037
intact	8	rwr	0.3	150	17918	0.6593538946420532	0.014136698530742191	0.0	0.0	0.0	0.6356310971034068	0.023722797538646367
intact	8	rwr	0.5	150	17918	0.6644052979138526	0.014554031203016873	0.0	0.0	0.0	0.6356310971034068	0.028774200810445794
intact	8	rwr	0.7	150	17918	0.6636909049977489	0.014543047257128686	0.0	0.0	0.0	0.6356310971034068	0.028059807894342037
intact	9	rwr	0.3	150	17918	0.6593538946420532	0.014136698530742191	0.0	0.0	0.0	0.6356310971034068	0.023722797538646367
intact	9	rwr	0.5	150	17918	0.6644052979138526	0.014554031203016873	0.0	0.0	0.0	0.6356310971034068	0.028774200810445794
intact	9	rwr	0.7	150	17918	0.6636909049977489	0.014543047257128686	0.0	0.0	0.0	0.6356310971034068	0.028059807894342037
intact	10	rwr	0.3	150	17918	0.6593538946420532	0.014136698530742191	0.0	0.0	0.0	0.6356310971034068	0.023722797538646367
intact	10	rwr	0.5	150	17918	0.6644052979138526	0.014554031203016873	0.0	0.0	0.0	0.6356310971034068	0.028774200810445794
intact	10	rwr	0.7	150	17918	0.6636909049977489	0.014543047257128686	0.0	0.0	0.0	0.6356310971034068	0.028059807894342037
intact	11	rwr	0.3	150	17918	0.6593538946420532	0.014136698530742191	0.0	0.0	0.0	0.6356310971034068	0.023722797538646367
intact	11	rwr	0.5	150	17918	0.6644052979138526	0.014554031203016873	0.0	0.0	0.0	0.6356310971034068	0.028774200810445794
intact	11	rwr	0.7	150	17918	0.6636909049977489	0.014543047257128686	0.0	0.0	0.0	0.6356310971034068	0.028059807894342037
intact	12	rwr	0.3	150	17918	0.6593538946420532	0.014136698530742191	0.0	0.0	0.0	0.6356310971034068	0.023722797538646367
intact	12	rwr	0.5	150	17918	0.6644052979138526	0.014554031203016873	0.0	0.0	0.0	0.6356310971034068	0.028774200810445794
intact	12	rwr	0.7	150	17918	0.6636909049977489	0.014543047257128686	0.0	0.0	0.0	0.6356310971034068	0.028059807894342037
intact	13	rwr	0.3	150	17918	0.6593538946420532	0.014136698530742191	0.0	0.0	0.0	0.6356310971034068	0.023722797538646367
intact	13	rwr	0.5	150	17918	0.6644052979138526	0.014554031203016873	0.0	0.0	0.0	0.6356310971034068	0.028774200810445794
intact	13	rwr	0.7	150	17918	0.6636909049977489	0.014543047257128686	0.0	0.0	0.0	0.6356310971034068	0.028059807894342037
intact	14	rwr	0.3	150	17918	0.6593538946420532	0.014136698530742191	0.0	0.0	0.0	0.6356310971034068	0.023722797538646367
intact	14	rwr	0.5	150	17918	0.6644052979138526	0.014554031203016873	0.0	0.0	0.0	0.6356310971034068	0.028774200810445794
intact	14	rwr	0.7	150	17918	0.6636909049977489	0.014543047257128686	0.0	0.0	0.0	0.6356310971034068	0.028059807894342037
intact	15	rwr	0.3	150	17918	0.6593538946420532	0.014136698530742191	0.0	0.0	0.0	0.6356310971034068	0.023722797538646367
intact	15	rwr	0.5	150	17918	0.6644052979138526	0.014554031203016873	0.0	0.0	0.0	0.6356310971034068	0.028774200810445794
intact	15	rwr	0.7	150	17918	0.6636909049977489	0.014543047257128686	0.0	0.0	0.0	0.6356310971034068	0.028059807894342037
intact	16	rwr	0.3	150	17918	0.6593538946420532	0.014136698530742191	0.0	0.0	0.0	0.6356310971034068	0.023722797538646367
intact	16	rwr	0.5	150	17918	0.6644052979138526	0.014554031203016873	0.0	0.0	0.0	0.6356310971034068	0.028774200810445794
intact	16	rwr	0.7	150	17918	0.6636909049977489	0.014543047257128686	0.0	0.0	0.0	0.6356310971034068	0.028059807894342037
intact	17	rwr	0.3	150	17918	0.6593538946420532	0.014136698530742191	0.0	0.0	0.0	0.6356310971034068	0.023722797538646367
intact	17	rwr	0.5	150	17918	0.6644052979138526	0.014554031203016873	0.0	0.0	0.0	0.6356310971034068	0.028774200810445794
intact	17	rwr	0.7	150	17918	0.6636909049977489	0.014543047257128686	0.0	0.0	0.0	0.6356310971034068	0.028059807894342037
intact	18	rwr	0.3	150	17918	0.6593538946420532	0.014136698530742191	0.0	0.0	0.0	0.6356310971034068	0.023722797538646367
intact	18	rwr	0.5	150	17918	0.6644052979138526	0.014554031203016873	0.0	0.0	0.0	0.6356310971034068	0.028774200810445794
intact	18	rwr	0.7	150	17918	0.6636909049977489	0.014543047257128686	0.0	0.0	0.0	0.6356310971034068	0.028059807894342037
intact	19	rwr	0.3	150	17918	0.6593538946420532	0.014136698530742191	0.0	0.0	0.0	0.6356310971034068	0.023722797538646367
intact	19	rwr	0.5	150	17918	0.6644052979138526	0.014554031203016873	0.0	0.0	0.0	0.6356310971034068	0.028774200810445794
intact	19	rwr	0.7	150	17918	0.6636909049977489	0.014543047257128686	0.0	0.0	0.0	0.6356310971034068	0.028059807894342037
intact	20	rwr	0.3	150	17918	0.6593538946420532	0.014136698530742191	0.0	0.0	0.0	0.6356310971034068	0.023722797538646367
intact	20	rwr	0.5	150	17918	0.6644052979138526	0.014554031203016873	0.0	0.0	0.0	0.6356310971034068	0.028774200810445794
intact	20	rwr	0.7	150	17918	0.6636909049977489	0.014543047257128686	0.0	0.0	0.0	0.6356310971034068	0.028059807894342037
intact	21	rwr	0.3	150	17918	0.6593538946420532	0.014136698530742191	0.0	0.0	0.0	0.6356310971034068	0.023722797538646367
intact	21	rwr	0.5	150	17918	0.6644052979138526	0.014554031203016873	0.0	0.0	0.0	0.6356310971034068	0.028774200810445794
intact	21	rwr	0.7	150	17918	0.6636909049977489	0.014543047257128686	0.0	0.0	0.0	0.6356310971034068	0.028059807894342037
intact	22	rwr	0.3	150	17918	0.6593538946420532	0.014136698530742191	0.0	0.0	0.0	0.6356310971034068	0.023722797538646367
intact	22	rwr	0.5	150	17918	0.6644052979138526	0.014554031203016873	0.0	0.0	0.0	0.6356310971034068	0.028774200810445794
intact	22	rwr	0.7	150	17918	0.6636909049977489	0.014543047257128686	0.0	0.0	0.0	0.6356310971034068	0.028059807894342037
intact	23	rwr	0.3	150	17918	0.6593538946420532	0.014136698530742191	0.0	0.0	0.0	0.6356310971034068	0.023722797538646367
intact	23	rwr	0.5	150	17918	0.6644052979138526	0.014554031203016873	0.0	0.0	0.0	0.6356310971034068	0.028774200810445794
intact	23	rwr	0.7	150	17918	0.6636909049977489	0.014543047257128686	0.0	0.0	0.0	0.6356310971034068	0.028059807894342037
intact	24	rwr	0.3	150	17918	0.6593538946420532	0.014136698530742191	0.0	0.0	0.0	0.6356310971034068	0.023722797538646367
intact	24	rwr	0.5	150	17918	0.6644052979138526	0.014554031203016873	0.0	0.0	0.0	0.6356310971034068	0.028774200810445794
intact	24	rwr	0.7	150	17918	0.6636909049977489	0.014543047257128686	0.0	0.0	0.0	0.6356310971034068	0.028059807894342037
intact	25	rwr	0.3	150	17918	0.6593538946420532	0.014136698530742191	0.0	0.0	0.0	0.6356310971034068	0.023722797538646367
intact	25	rwr	0.5	150	17918	0.6644052979138526	0.014554031203016873	0.0	0.0	0.0	0.6356310971034068	0.028774200810445794
intact	25	rwr	0.7	150	17918	0.6636909049977489	0.014543047257128686	0.0	0.0	0.0	0.6356310971034068	0.028059807894342037
intact	26	rwr	0.3	150	17918	0.6593538946420532	0.014136698530742191	0.0	0.0	0.0	0.6356310971034068	0.023722797538646367
intact	26	rwr	0.5	150	17918	0.6644052979138526	0.014554031203016873	0.0	0.0	0.0	0.6356310971034068	0.028774200810445794
intact	26	rwr	0.7	150	17918	0.6636909049977489	0.014543047257128686	0.0	0.0	0.0	0.6356310971034068	0.028059807894342037
intact	27	rwr	0.3	150	17918	0.6593538946420532	0.014136698530742191	0.0	0.0	0.0	0.6356310971034068	0.023722797538646367
intact	27	rwr	0.5	150	17918	0.6644052979138526	0.014554031203016873	0.0	0.0	0.0	0.6356310971034068	0.028774200810445794
intact	27	rwr	0.7	150	17918	0.6636909049977489	0.014543047257128686	0.0	0.0	0.0	0.6356310971034068	0.028059807894342037
intact	28	rwr	0.3	150	17918	0.6593538946420532	0.014136698530742191	0.0	0.0	0.0	0.6356310971034068	0.023722797538646367
intact	28	rwr	0.5	150	17918	0.6644052979138526	0.014554031203016873	0.0	0.0	0.0	0.6356310971034068	0.028774200810445794
intact	28	rwr	0.7	150	17918	0.6636909049977489	0.014543047257128686	0.0	0.0	0.0	0.6356310971034068	0.028059807894342037
intact	29	rwr	0.3	150	17918	0.6593538946420532	0.014136698530742191	0.0	0.0	0.0	0.6356310971034068	0.023722797538646367
intact	29	rwr	0.5	150	17918	0.6644052979138526	0.014554031203016873	0.0	0.0	0.0	0.6356310971034068	0.028774200810445794
intact	29	rwr	0.7	150	17918	0.6636909049977489	0.014543047257128686	0.0	0.0	0.0	0.6356310971034068	0.028059807894342037
intact	30	rwr	0.3	150	17918	0.6593538946420532	0.014136698530742191	0.0	0.0	0.0	0.6356310971034068	0.023722797538646367
intact	30	rwr	0.5	150	17918	0.6644052979138526	0.014554031203016873	0.0	0.0	0.0	0.6356310971034068	0.028774200810445794
intact	30	rwr	0.7	150	17918	0.6636909049977489	0.014543047257128686	0.0	0.0	0.0	0.6356310971034068	0.028059807894342037
intact	31	rwr	0.3	150	17918	0.6593538946420532	0.014136698530742191	0.0	0.0	0.0	0.6356310971034068	0.023722797538646367
intact	31	rwr	0.5	150	17918	0.6644052979138526	0.014554031203016873	0.0	0.0	0.0	0.6356310971034068	0.028774200810445794
intact	31	rwr	0.7	150	17918	0.6636909049977489	0.014543047257128686	0.0	0.0	0.0	0.6356310971034068	0.028059807894342037
intact	32	rwr	0.3	150	17918	0.6593538946420532	0.014136698530742191	0.0	0.0	0.0	0.6356310971034068	0.023722797538646367
intact	32	rwr	0.5	150	17918	0.6644052979138526	0.014554031203016873	0.0	0.0	0.0	0.6356310971034068	0.028774200810445794
intact	32	rwr	0.7	150	17918	0.6636909049977489	0.014543047257128686	0.0	0.0	0.0	0.6356310971034068	0.028059807894342037
intact	33	rwr	0.3	150	17918	0.6593538946420532	0.014136698530742191	0.0	0.0	0.0	0.6356310971034068	0.023722797538646367
intact	33	rwr	0.5	150	17918	0.6644052979138526	0.014554031203016873	0.0	0.0	0.0	0.6356310971034068	0.028774200810445794
intact	33	rwr	0.7	150	17918	0.6636909049977489	0.014543047257128686	0.0	0.0	0.0	0.6356310971034068	0.028059807894342037
intact	34	rwr	0.3	150	17918	0.6593538946420532	0.014136698530742191	0.0	0.0	0.0	0.6356310971034068	0.023722797538646367
intact	34	rwr	0.5	150	17918	0.6644052979138526	0.014554031203016873	0.0	0.0	0.0	0.6356310971034068	0.028774200810445794
intact	34	rwr	0.7	150	17918	0.6636909049977489	0.014543047257128686	0.0	0.0	0.0	0.6356310971034068	0.028059807894342037
intact	35	rwr	0.3	150	17918	0.6593538946420532	0.014136698530742191	0.0	0.0	0.0	0.6356310971034068	0.023722797538646367
intact	35	rwr	0.5	150	17918	0.6644052979138526	0.014554031203016873	0.0	0.0	0.0	0.6356310971034068	0.028774200810445794
intact	35	rwr	0.7	150	17918	0.6636909049977489	0.014543047257128686	0.0	0.0	0.0	0.6356310971034068	0.028059807894342037
intact	36	rwr	0.3	150	17918	0.6593538946420532	0.014136698530742191	0.0	0.0	0.0	0.6356310971034068	0.023722797538646367
intact	36	rwr	0.5	150	17918	0.6644052979138526	0.014554031203016873	0.0	0.0	0.0	0.6356310971034068	0.028774200810445794
intact	36	rwr	0.7	150	17918	0.6636909049977489	0.014543047257128686	0.0	0.0	0.0	0.6356310971034068	0.028059807894342037
intact	37	rwr	0.3	150	17918	0.6593538946420532	0.014136698530742191	0.0	0.0	0.0	0.6356310971034068	0.023722797538646367
intact	37	rwr	0.5	150	17918	0.6644052979138526	0.014554031203016873	0.0	0.0	0.0	0.6356310971034068	0.028774200810445794
intact	37	rwr	0.7	150	17918	0.6636909049977489	0.014543047257128686	0.0	0.0	0.0	0.6356310971034068	0.028059807894342037
intact	38	rwr	0.3	150	17918	0.6593538946420532	0.014136698530742191	0.0	0.0	0.0	0.6356310971034068	0.023722797538646367
intact	38	rwr	0.5	150	17918	0.6644052979138526	0.014554031203016873	0.0	0.0	0.0	0.6356310971034068	0.028774200810445794
intact	38	rwr	0.7	150	17918	0.6636909049977489	0.014543047257128686	0.0	0.0	0.0	0.6356310971034068	0.028059807894342037
intact	39	rwr	0.3	150	17918	0.6593538946420532	0.014136698530742191	0.0	0.0	0.0	0.6356310971034068	0.023722797538646367
intact	39	rwr	0.5	150	17918	0.6644052979138526	0.014554031203016873	0.0	0.0	0.0	0.6356310971034068	0.028774200810445794
intact	39	rwr	0.7	150	17918	0.6636909049977489	0.014543047257128686	0.0	0.0	0.0	0.6356310971034068	0.028059807894342037
intact	40	rwr	0.3	150	17918	0.6593538946420532	0.014136698530742191	0.0	0.0	0.0	0.6356310971034068	0.023722797538646367
intact	40	rwr	0.5	150	17918	0.6644052979138526	0.014554031203016873	0.0	0.0	0.0	0.6356310971034068	0.028774200810445794
intact	40	rwr	0.7	150	17918	0.6636909049977489	0.014543047257128686	0.0	0.0	0.0	0.6356310971034068	0.028059807894342037
intact	41	rwr	0.3	150	17918	0.6593538946420532	0.014136698530742191	0.0	0.0	0.0	0.6356310971034068	0.023722797538646367
intact	41	rwr	0.5	150	17918	0.6644052979138526	0.014554031203016873	0.0	0.0	0.0	0.6356310971034068	0.028774200810445794
intact	41	rwr	0.7	150	17918	0.6636909049977489	0.014543047257128686	0.0	0.0	0.0	0.6356310971034068	0.028059807894342037
intact	42	rwr	0.3	150	17918	0.6593538946420532	0.014136698530742191	0.0	0.0	0.0	0.6356310971034068	0.023722797538646367
intact	42	rwr	0.5	150	17918	0.6644052979138526	0.014554031203016873	0.0	0.0	0.0	0.6356310971034068	0.028774200810445794
intact	42	rwr	0.7	150	17918	0.6636909049977489	0.014543047257128686	0.0	0.0	0.0	0.6356310971034068	0.028059807894342037
intact	43	rwr	0.3	150	17918	0.6593538946420532	0.014136698530742191	0.0	0.0	0.0	0.6356310971034068	0.023722797538646367
intact	43	rwr	0.5	150	17918	0.6644052979138526	0.014554031203016873	0.0	0.0	0.0	0.6356310971034068	0.028774200810445794
intact	43	rwr	0.7	150	17918	0.6636909049977489	0.014543047257128686	0.0	0.0	0.0	0.6356310971034068	0.028059807894342037
intact	44	rwr	0.3	150	17918	0.6593538946420532	0.014136698530742191	0.0	0.0	0.0	0.6356310971034068	0.023722797538646367
intact	44	rwr	0.5	150	17918	0.6644052979138526	0.014554031203016873	0.0	0.0	0.0	0.6356310971034068	0.028774200810445794
intact	44	rwr	0.7	150	17918	0.6636909049977489	0.014543047257128686	0.0	0.0	0.0	0.6356310971034068	0.028059807894342037
intact	45	rwr	0.3	150	17918	0.6593538946420532	0.014136698530742191	0.0	0.0	0.0	0.6356310971034068	0.023722797538646367
intact	45	rwr	0.5	150	17918	0.6644052979138526	0.014554031203016873	0.0	0.0	0.0	0.6356310971034068	0.028774200810445794
intact	45	rwr	0.7	150	17918	0.6636909049977489	0.014543047257128686	0.0	0.0	0.0	0.6356310971034068	0.028059807894342037
intact	46	rwr	0.3	150	17918	0.6593538946420532	0.014136698530742191	0.0	0.0	0.0	0.6356310971034068	0.023722797538646367
intact	46	rwr	0.5	150	17918	0.6644052979138526	0.014554031203016873	0.0	0.0	0.0	0.6356310971034068	0.028774200810445794
intact	46	rwr	0.7	150	17918	0.6636909049977489	0.014543047257128686	0.0	0.0	0.0	0.6356310971034068	0.028059807894342037
intact	47	rwr	0.3	150	17918	0.6593538946420532	0.014136698530742191	0.0	0.0	0.0	0.6356310971034068	0.023722797538646367
intact	47	rwr	0.5	150	17918	0.6644052979138526	0.014554031203016873	0.0	0.0	0.0	0.6356310971034068	0.028774200810445794
intact	47	rwr	0.7	150	17918	0.6636909049977489	0.014543047257128686	0.0	0.0	0.0	0.6356310971034068	0.028059807894342037
intact	48	rwr	0.3	150	17918	0.6593538946420532	0.014136698530742191	0.0	0.0	0.0	0.6356310971034068	0.023722797538646367
intact	48	rwr	0.5	150	17918	0.6644052979138526	0.014554031203016873	0.0	0.0	0.0	0.6356310971034068	0.028774200810445794
intact	48	rwr	0.7	150	17918	0.6636909049977489	0.014543047257128686	0.0	0.0	0.0	0.6356310971034068	0.028059807894342037
intact	49	rwr	0.3	150	17918	0.6593538946420532	0.014136698530742191	0.0	0.0	0.0	0.6356310971034068	0.023722797538646367
intact	49	rwr	0.5	150	17918	0.6644052979138526	0.014554031203016873	0.0	0.0	0.0	0.6356310971034068	0.028774200810445794
intact	49	rwr	0.7	150	17918	0.6636909049977489	0.014543047257128686	0.0	0.0	0.0	0.6356310971034068	0.028059807894342037
