network	label_set	universe	alpha	repeat	fold	method	n_iter	auroc	auprc	p_at_50	p_at_100	p_at_500	n_test_pos	n_test
funmap	ot_all	native_funmap		0	0	degree		0.567597779802405	0.06089925027244594	0.06	0.06	0.056	79	2038
funmap	ot_all	native_funmap		0	1	degree		0.5486685922163852	0.046574621754069505	0.04	0.05	0.058	79	2038
funmap	ot_all	native_funmap		0	2	degree		0.6136462028547244	0.05402796462865773	0.04	0.04	0.064	79	2038
funmap	ot_all	native_funmap		0	3	degree		0.5795387726882095	0.04851483404137934	0.06	0.06	0.044	79	2038
funmap	ot_all	native_funmap		0	4	degree		0.571461760971715	0.05193750249463025	0.1	0.07	0.054	78	2037
funmap	ot_all	native_funmap		1	0	degree		0.5330865011210835	0.04355697749192243	0.06	0.03	0.044	79	2038
funmap	ot_all	native_funmap		1	1	degree		0.6210285537053909	0.058722850460666165	0.08	0.07	0.06	79	2038
funmap	ot_all	native_funmap		1	2	degree		0.5925491564412222	0.06565460335182417	0.08	0.09	0.066	79	2038
funmap	ot_all	native_funmap		1	3	degree		0.5360200567326393	0.04127308860292928	0.0	0.02	0.042	79	2038
funmap	ot_all	native_funmap		1	4	degree		0.5970046203583723	0.056850749329455934	0.06	0.06	0.062	78	2037
funmap	ot_all	native_funmap		2	0	degree		0.6677877501437702	0.07346091348641899	0.12	0.11	0.078	79	2038
funmap	ot_all	native_funmap		2	1	degree		0.5373576030136792	0.04868994945588191	0.06	0.07	0.048	79	2038
funmap	ot_all	native_funmap		2	2	degree		0.5505456801132067	0.045301766738902925	0.04	0.03	0.052	79	2038
funmap	ot_all	native_funmap		2	3	degree		0.5595014247775603	0.050922318036857414	0.04	0.03	0.042	79	2038
funmap	ot_all	native_funmap		2	4	degree		0.5639062315938272	0.04799798982531214	0.02	0.04	0.054	78	2037
funmap	ot_all	native_funmap		3	0	degree		0.5542061630514147	0.04655306618548057	0.02	0.05	0.048	79	2038
funmap	ot_all	native_funmap		3	1	degree		0.5178274888376271	0.040293910038479146	0.02	0.03	0.042	79	2038
funmap	ot_all	native_funmap		3	2	degree		0.5909919165681276	0.05345078980262245	0.08	0.06	0.06	79	2038
funmap	ot_all	native_funmap		3	3	degree		0.6183049993215345	0.06577577317038094	0.1	0.07	0.068	79	2038
funmap	ot_all	native_funmap		3	4	degree		0.6015464457271502	0.056256839199514685	0.08	0.06	0.056	78	2037
funmap	ot_all	native_funmap		4	0	degree		0.602070289026305	0.05712426700581961	0.08	0.06	0.064	79	2038
funmap	ot_all	native_funmap		4	1	degree		0.5875414348576192	0.05381408354135147	0.08	0.07	0.056	79	2038
funmap	ot_all	native_funmap		4	2	degree		0.5811250896543703	0.05635611288564277	0.08	0.06	0.054	79	2038
funmap	ot_all	native_funmap		4	3	degree		0.5982418051059375	0.0567421335481241	0.06	0.06	0.056	79	2038
funmap	ot_all	native_funmap		4	4	degree		0.5132884386330022	0.039296046617011346	0.0	0.02	0.044	78	2037
funmap	ot_all	native_funmap		5	0	degree		0.5827340221373603	0.05263534892310069	0.06	0.06	0.062	79	2038
funmap	ot_all	native_funmap		5	1	degree		0.583793720640213	0.05397504936730932	0.08	0.06	0.062	79	2038
funmap	ot_all	native_funmap		5	2	degree		0.6021704434579771	0.054219192207666696	0.06	0.04	0.054	79	2038
funmap	ot_all	native_funmap		5	3	degree		0.5619245158664005	0.05330710589515601	0.06	0.07	0.046	79	2038
funmap	ot_all	native_funmap		5	4	degree		0.5507814033847724	0.04438977839838446	0.02	0.04	0.052	78	2037
funmap	ot_all	native_funmap		6	0	degree		0.5544452413721803	0.04916413482993298	0.1	0.06	0.044	79	2038
funmap	ot_all	native_funmap		6	1	degree		0.5423717861735192	0.04355178116622818	0.0	0.01	0.054	79	2038
funmap	ot_all	native_funmap		6	2	degree		0.6140985131913079	0.05791893825508074	0.06	0.05	0.064	79	2038
funmap	ot_all	native_funmap		6	3	degree		0.5418483984983297	0.05596209607144947	0.12	0.07	0.052	79	2038
funmap	ot_all	native_funmap		6	4	degree		0.6297594272326279	0.0568862568643346	0.02	0.08	0.062	78	2037
funmap	ot_all	native_funmap		7	0	degree		0.5868403538359147	0.05272747073377748	0.08	0.06	0.052	79	2038
funmap	ot_all	native_funmap		7	1	degree		0.5614463592248694	0.053455323658638323	0.1	0.07	0.052	79	2038
funmap	ot_all	native_funmap		7	2	degree		0.542242554648781	0.046316706276158526	0.06	0.03	0.052	79	2038
funmap	ot_all	native_funmap		7	3	degree		0.5772352207597521	0.04842042823395326	0.02	0.03	0.054	79	2038
funmap	ot_all	native_funmap		7	4	degree		0.614982133741705	0.0585237604504905	0.04	0.07	0.062	78	2037
funmap	ot_all	native_funmap		8	0	degree		0.5817389393968765	0.056532230723703336	0.12	0.06	0.058	79	2038
funmap	ot_all	native_funmap		8	1	degree		0.5821298647592094	0.059418051623901944	0.08	0.09	0.068	79	2038
funmap	ot_all	native_funmap		8	2	degree		0.5349215887723652	0.04201882439226322	0.02	0.03	0.05	79	2038
funmap	ot_all	native_funmap		8	3	degree		0.563943758440434	0.0612592173873653	0.08	0.06	0.042	79	2038
funmap	ot_all	native_funmap		8	4	degree		0.6217457886676876	0.054134413803988826	0.02	0.03	0.062	78	2037
funmap	ot_all	native_funmap		9	0	degree		0.605032921730927	0.060994812151765374	0.12	0.1	0.054	79	2038
funmap	ot_all	native_funmap		9	1	degree		0.5753710560154045	0.047000463709350834	0.04	0.03	0.054	79	2038
funmap	ot_all	native_funmap		9	2	degree		0.5516538404378364	0.04606279281490648	0.04	0.03	0.05	79	2038
funmap	ot_all	native_funmap		9	3	degree		0.5994501198622392	0.06485267811581241	0.04	0.05	0.074	79	2038
funmap	ot_all	native_funmap		9	4	degree		0.5478462323791573	0.0460615640944273	0.06	0.05	0.046	78	2037
funmap	ot_all	native_funmap	0.5	0	0	rwr	21.0	0.6519439652108736	0.10860554816616495	0.2	0.13	0.072	79	2038
funmap	ot_all	native_funmap	0.5	0	1	rwr	21.0	0.6488779472864611	0.13014945866326016	0.24	0.15	0.076	79	2038
funmap	ot_all	native_funmap	0.5	0	2	rwr	21.0	0.655636756030266	0.07983584262688026	0.12	0.08	0.08	79	2038
funmap	ot_all	native_funmap	0.5	0	3	rwr	21.0	0.6716840806146251	0.12066725569558394	0.24	0.17	0.076	79	2038
funmap	ot_all	native_funmap	0.5	0	4	rwr	21.0	0.651624324288949	0.12019717303856675	0.24	0.18	0.078	78	2037
funmap	ot_all	native_funmap	0.5	1	0	rwr	21.0	0.651604732458436	0.09154203583257159	0.18	0.14	0.07	79	2038
funmap	ot_all	native_funmap	0.5	1	1	rwr	21.0	0.6837381510845755	0.09262329664568328	0.16	0.1	0.076	79	2038
funmap	ot_all	native_funmap	0.5	1	2	rwr	21.0	0.6464516254095024	0.10386966854444488	0.18	0.13	0.08	79	2038
funmap	ot_all	native_funmap	0.5	1	3	rwr	21.0	0.6472787071678265	0.13322423073110576	0.3	0.17	0.076	79	2038
funmap	ot_all	native_funmap	0.5	1	4	rwr	21.0	0.694104134762634	0.138587180957047	0.22	0.17	0.088	78	2037
funmap	ot_all	native_funmap	0.5	2	0	rwr	21.0	0.7152512583919721	0.11308190685997105	0.18	0.13	0.09	79	2038
funmap	ot_all	native_funmap	0.5	2	1	rwr	21.0	0.6390046587964668	0.11189773823330348	0.22	0.16	0.068	79	2038
funmap	ot_all	native_funmap	0.5	2	2	rwr	21.0	0.6330341623535645	0.08988573580766618	0.16	0.12	0.074	79	2038
funmap	ot_all	native_funmap	0.5	2	3	rwr	21.0	0.6328144687615096	0.1054927268258822	0.22	0.15	0.064	79	2038
funmap	ot_all	native_funmap	0.5	2	4	rwr	21.0	0.6388103558853941	0.10559136215730242	0.2	0.12	0.076	78	2037
funmap	ot_all	native_funmap	0.5	3	0	rwr	21.0	0.6452626953819114	0.14537014841431628	0.28	0.18	0.074	79	2038
funmap	ot_all	native_funmap	0.5	3	1	rwr	21.0	0.5784823049734752	0.07300087050284815	0.14	0.08	0.058	79	2038
funmap	ot_all	native_funmap	0.5	3	2	rwr	21.0	0.6878089441138271	0.10462460264889058	0.2	0.12	0.08	79	2038
funmap	ot_all	native_funmap	0.5	3	3	rwr	21.0	0.6952559107268628	0.09889999169660037	0.16	0.11	0.086	79	2038
funmap	ot_all	native_funmap	0.5	3	4	rwr	21.0	0.6778019921205221	0.1313558072767999	0.24	0.19	0.078	78	2037
funmap	ot_all	native_funmap	0.5	4	0	rwr	21.0	0.685515084549725	0.13275743589378963	0.22	0.17	0.084	79	2038
funmap	ot_all	native_funmap	0.5	4	1	rwr	21.0	0.6645278849322505	0.10137433843813924	0.2	0.14	0.076	79	2038
funmap	ot_all	native_funmap	0.5	4	2	rwr	21.0	0.658948313851681	0.09664639084996239	0.14	0.09	0.076	79	2038
funmap	ot_all	native_funmap	0.5	4	3	rwr	21.0	0.6810662893106143	0.13380914037761774	0.26	0.18	0.084	79	2038
funmap	ot_all	native_funmap	0.5	4	4	rwr	21.0	0.6243079279067028	0.0845053542689115	0.16	0.11	0.066	78	2037
funmap	ot_all	native_funmap	0.5	5	0	rwr	21.0	0.6718133121393632	0.10747758282187551	0.18	0.15	0.082	79	2038
funmap	ot_all	native_funmap	0.5	5	1	rwr	21.0	0.6544865954600967	0.09085309460280194	0.14	0.13	0.082	79	2038
funmap	ot_all	native_funmap	0.5	5	2	rwr	21.0	0.6693869902624046	0.10409060900199298	0.2	0.12	0.074	79	2038
funmap	ot_all	native_funmap	0.5	5	3	rwr	21.0	0.6872467869812162	0.12245192985410973	0.22	0.19	0.082	79	2038
funmap	ot_all	native_funmap	0.5	5	4	rwr	21.0	0.6535320218321748	0.11977691568353409	0.24	0.13	0.068	78	2037
funmap	ot_all	native_funmap	0.5	6	0	rwr	21.0	0.634077706915825	0.08400405921284983	0.16	0.13	0.068	79	2038
funmap	ot_all	native_funmap	0.5	6	1	rwr	21.0	0.6194034672818087	0.09498212378025689	0.16	0.09	0.066	79	2038
funmap	ot_all	native_funmap	0.5	6	2	rwr	21.0	0.7091967614579902	0.1535853358742831	0.28	0.18	0.088	79	2038
funmap	ot_all	native_funmap	0.5	6	3	rwr	21.0	0.6337158586465582	0.09404197832849465	0.16	0.15	0.076	79	2038
funmap	ot_all	native_funmap	0.5	6	4	rwr	21.0	0.7233609507728957	0.1292697296407021	0.22	0.17	0.09	78	2037
funmap	ot_all	native_funmap	0.5	7	0	rwr	21.0	0.6721654680442747	0.14167060378900923	0.2	0.13	0.08	79	2038
funmap	ot_all	native_funmap	0.5	7	1	rwr	21.0	0.6458765451244175	0.1276052835829426	0.24	0.17	0.074	79	2038
funmap	ot_all	native_funmap	0.5	7	2	rwr	21.0	0.6262495073048119	0.09045694167116457	0.16	0.11	0.07	79	2038
funmap	ot_all	native_funmap	0.5	7	3	rwr	21.0	0.6623632568928866	0.09690880209605565	0.16	0.12	0.08	79	2038
funmap	ot_all	native_funmap	0.5	7	4	rwr	21.0	0.6947945707516916	0.09850624062195466	0.2	0.14	0.084	78	2037
funmap	ot_all	native_funmap	0.5	8	0	rwr	21.0	0.6764850317586472	0.1718028304534049	0.2	0.14	0.082	79	2038
funmap	ot_all	native_funmap	0.5	8	1	rwr	21.0	0.6501541085932503	0.1071191713314742	0.18	0.13	0.076	79	2038
funmap	ot_all	native_funmap	0.5	8	2	rwr	21.0	0.6583183101685826	0.0933270592788979	0.16	0.13	0.074	79	2038
funmap	ot_all	native_funmap	0.5	8	3	rwr	21.0	0.669916839513831	0.12025902514461553	0.24	0.17	0.08	79	2038
funmap	ot_all	native_funmap	0.5	8	4	rwr	21.0	0.6870198034057146	0.11308601381519037	0.22	0.13	0.084	78	2037
funmap	ot_all	native_funmap	0.5	9	0	rwr	21.0	0.6465517798411744	0.10744395519148939	0.18	0.15	0.068	79	2038
funmap	ot_all	native_funmap	0.5	9	1	rwr	21.0	0.6613100199662706	0.11187831568168294	0.18	0.15	0.074	79	2038
funmap	ot_all	native_funmap	0.5	9	2	rwr	21.0	0.6843940010726216	0.11072480410275695	0.2	0.15	0.082	79	2038
funmap	ot_all	native_funmap	0.5	9	3	rwr	21.0	0.6682303681159982	0.09516303435232071	0.14	0.15	0.076	79	2038
funmap	ot_all	native_funmap	0.5	9	4	rwr	21.0	0.6263137917042971	0.11471254228657071	0.2	0.14	0.07	78	2037
