network	label_a	label_b	alpha	n_iter	n_target	n_seeds	fold	method	auroc	n_test
string_phys700	intogen_temporal_new	ot_all	0.5	21	516	116	0	rwr	0.6897005813953487	1516
string_phys700	intogen_temporal_new	ot_all	0.5	21	516	116	0	degree	0.6693565891472868	1516
string_phys700	intogen_temporal_new	ot_all	0.5	21	516	116	1	rwr	0.7158788759689922	1516
string_phys700	intogen_temporal_new	ot_all	0.5	21	516	116	1	degree	0.6779941860465116	1516
string_phys700	intogen_temporal_new	ot_all	0.5	21	516	116	2	rwr	0.716437015503876	1516
string_phys700	intogen_temporal_new	ot_all	0.5	21	516	116	2	degree	0.6832596899224808	1516
string_phys700	intogen_temporal_new	ot_all	0.5	21	516	116	3	rwr	0.7024738372093023	1516
string_phys700	intogen_temporal_new	ot_all	0.5	21	516	116	3	degree	0.6778943798449613	1516
string_phys700	intogen_temporal_new	ot_all	0.5	21	516	116	4	rwr	0.6957063953488373	1516
string_phys700	intogen_temporal_new	ot_all	0.5	21	516	116	4	degree	0.6665290697674419	1516
string_phys700	intogen_temporal_new	ot_all	0.5	21	516	116	5	rwr	0.708736434108527	1516
string_phys700	intogen_temporal_new	ot_all	0.5	21	516	116	5	degree	0.6670106589147287	1516
string_phys700	intogen_temporal_new	ot_all	0.5	21	516	116	6	rwr	0.7158924418604651	1516
string_phys700	intogen_temporal_new	ot_all	0.5	21	516	116	6	degree	0.68678003875969	1516
string_phys700	intogen_temporal_new	ot_all	0.5	21	516	116	7	rwr	0.7060067829457365	1516
string_phys700	intogen_temporal_new	ot_all	0.5	21	516	116	7	degree	0.6865697674418605	1516
string_phys700	intogen_temporal_new	ot_all	0.5	21	516	116	8	rwr	0.7066298449612403	1516
string_phys700	intogen_temporal_new	ot_all	0.5	21	516	116	8	degree	0.6866114341085271	1516
string_phys700	intogen_temporal_new	ot_all	0.5	21	516	116	9	rwr	0.724484496124031	1516
string_phys700	intogen_temporal_new	ot_all	0.5	21	516	116	9	degree	0.6926986434108526	1516
string_phys700	intogen_temporal_new	ot_all	0.5	21	516	116	10	rwr	0.7168565891472869	1516
string_phys700	intogen_temporal_new	ot_all	0.5	21	516	116	10	degree	0.6897858527131783	1516
string_phys700	intogen_temporal_new	ot_all	0.5	21	516	116	11	rwr	0.7064467054263566	1516
string_phys700	intogen_temporal_new	ot_all	0.5	21	516	116	11	degree	0.6664302325581395	1516
string_phys700	intogen_temporal_new	ot_all	0.5	21	516	116	12	rwr	0.7125164728682171	1516
string_phys700	intogen_temporal_new	ot_all	0.5	21	516	116	12	degree	0.6849021317829458	1516
string_phys700	intogen_temporal_new	ot_all	0.5	21	516	116	13	rwr	0.6948178294573643	1516
string_phys700	intogen_temporal_new	ot_all	0.5	21	516	116	13	degree	0.6720290697674418	1516
string_phys700	intogen_temporal_new	ot_all	0.5	21	516	116	14	rwr	0.6988081395348837	1516
string_phys700	intogen_temporal_new	ot_all	0.5	21	516	116	14	degree	0.6707577519379844	1516
string_phys700	intogen_temporal_new	ot_all	0.5	21	516	116	15	rwr	0.7166453488372093	1516
string_phys700	intogen_temporal_new	ot_all	0.5	21	516	116	15	degree	0.6948594961240311	1516
string_phys700	intogen_temporal_new	ot_all	0.5	21	516	116	16	rwr	0.7003255813953488	1516
string_phys700	intogen_temporal_new	ot_all	0.5	21	516	116	16	degree	0.6778362403100776	1516
string_phys700	intogen_temporal_new	ot_all	0.5	21	516	116	17	rwr	0.7159408914728682	1516
string_phys700	intogen_temporal_new	ot_all	0.5	21	516	116	17	degree	0.680170542635659	1516
string_phys700	intogen_temporal_new	ot_all	0.5	21	516	116	18	rwr	0.7089069767441861	1516
string_phys700	intogen_temporal_new	ot_all	0.5	21	516	116	18	degree	0.6838943798449613	1516
string_phys700	intogen_temporal_new	ot_all	0.5	21	516	116	19	rwr	0.7135261627906977	1516
string_phys700	intogen_temporal_new	ot_all	0.5	21	516	116	19	degree	0.6838711240310078	1516
string_phys700	intogen_temporal_new	ot_all	0.5	21	516	116	20	rwr	0.7084089147286822	1516
string_phys700	intogen_temporal_new	ot_all	0.5	21	516	116	20	degree	0.6863255813953488	1516
string_phys700	intogen_temporal_new	ot_all	0.5	21	516	116	21	rwr	0.717544573643411	1516
string_phys700	intogen_temporal_new	ot_all	0.5	21	516	116	21	degree	0.683373062015504	1516
string_phys700	intogen_temporal_new	ot_all	0.5	21	516	116	22	rwr	0.7035048449612403	1516
string_phys700	intogen_temporal_new	ot_all	0.5	21	516	116	22	degree	0.664250968992248	1516
string_phys700	intogen_temporal_new	ot_all	0.5	21	516	116	23	rwr	0.7072994186046512	1516
string_phys700	intogen_temporal_new	ot_all	0.5	21	516	116	23	degree	0.6863856589147287	1516
string_phys700	intogen_temporal_new	ot_all	0.5	21	516	116	24	rwr	0.7150949612403101	1516
string_phys700	intogen_temporal_new	ot_all	0.5	21	516	116	24	degree	0.6789932170542636	1516
string_phys700	intogen_temporal_new	ot_all	0.5	21	516	116	25	rwr	0.7177955426356588	1516
string_phys700	intogen_temporal_new	ot_all	0.5	21	516	116	25	degree	0.682688953488372	1516
string_phys700	intogen_temporal_new	ot_all	0.5	21	516	116	26	rwr	0.700577519379845	1516
string_phys700	intogen_temporal_new	ot_all	0.5	21	516	116	26	degree	0.6701356589147287	1516
string_phys700	intogen_temporal_new	ot_all	0.5	21	516	116	27	rwr	0.7124069767441861	1516
string_phys700	intogen_temporal_new	ot_all	0.5	21	516	116	27	degree	0.6875232558139535	1516
string_phys700	intogen_temporal_new	ot_all	0.5	21	516	116	28	rwr	0.7131443798449612	1516
string_phys700	intogen_temporal_new	ot_all	0.5	21	516	116	28	degree	0.6810968992248062	1516
string_phys700	intogen_temporal_new	ot_all	0.5	21	516	116	29	rwr	0.6947151162790699	1516
string_phys700	intogen_temporal_new	ot_all	0.5	21	516	116	29	degree	0.6661511627906976	1516
string_phys700	intogen_temporal_new	ot_all	0.5	21	516	116	30	rwr	0.7092199612403101	1516
string_phys700	intogen_temporal_new	ot_all	0.5	21	516	116	30	degree	0.6773042635658915	1516
string_phys700	intogen_temporal_new	ot_all	0.5	21	516	116	31	rwr	0.6953459302325582	1516
string_phys700	intogen_temporal_new	ot_all	0.5	21	516	116	31	degree	0.677265503875969	1516
string_phys700	intogen_temporal_new	ot_all	0.5	21	516	116	32	rwr	0.7056705426356589	1516
string_phys700	intogen_temporal_new	ot_all	0.5	21	516	116	32	degree	0.6811182170542636	1516
string_phys700	intogen_temporal_new	ot_all	0.5	21	516	116	33	rwr	0.7161007751937983	1516
string_phys700	intogen_temporal_new	ot_all	0.5	21	516	116	33	degree	0.6792122093023256	1516
string_phys700	intogen_temporal_new	ot_all	0.5	21	516	116	34	rwr	0.7179554263565892	1516
string_phys700	intogen_temporal_new	ot_all	0.5	21	516	116	34	degree	0.6920484496124031	1516
string_phys700	intogen_temporal_new	ot_all	0.5	21	516	116	35	rwr	0.701186046511628	1516
string_phys700	intogen_temporal_new	ot_all	0.5	21	516	116	35	degree	0.6700852713178295	1516
string_phys700	intogen_temporal_new	ot_all	0.5	21	516	116	36	rwr	0.7040406976744187	1516
string_phys700	intogen_temporal_new	ot_all	0.5	21	516	116	36	degree	0.6831269379844961	1516
string_phys700	intogen_temporal_new	ot_all	0.5	21	516	116	37	rwr	0.7212897286821706	1516
string_phys700	intogen_temporal_new	ot_all	0.5	21	516	116	37	degree	0.6887771317829458	1516
string_phys700	intogen_temporal_new	ot_all	0.5	21	516	116	38	rwr	0.7071928294573644	1516
string_phys700	intogen_temporal_new	ot_all	0.5	21	516	116	38	degree	0.6827315891472868	1516
string_phys700	intogen_temporal_new	ot_all	0.5	21	516	116	39	rwr	0.7121976744186046	1516
string_phys700	intogen_temporal_new	ot_all	0.5	21	516	116	39	degree	0.6846443798449613	1516
string_phys700	intogen_temporal_new	ot_all	0.5	21	516	116	40	rwr	0.6998759689922481	1516
string_phys700	intogen_temporal_new	ot_all	0.5	21	516	116	40	degree	0.6771162790697673	1516
string_phys700	intogen_temporal_new	ot_all	0.5	21	516	116	41	rwr	0.7032364341085271	1516
string_phys700	intogen_temporal_new	ot_all	0.5	21	516	116	41	degree	0.6701065891472868	1516
string_phys700	intogen_temporal_new	ot_all	0.5	21	516	116	42	rwr	0.7260581395348836	1516
string_phys700	intogen_temporal_new	ot_all	0.5	21	516	116	42	degree	0.6939583333333333	1516
string_phys700	intogen_temporal_new	ot_all	0.5	21	516	116	43	rwr	0.7146550387596899	1516
string_phys700	intogen_temporal_new	ot_all	0.5	21	516	116	43	degree	0.6831918604651163	1516
string_phys700	intogen_temporal_new	ot_all	0.5	21	516	116	44	rwr	0.7169767441860466	1516
string_phys700	intogen_temporal_new	ot_all	0.5	21	516	116	44	degree	0.6793846899224807	1516
string_phys700	intogen_temporal_new	ot_all	0.5	21	516	116	45	rwr	0.6967596899224806	1516
string_phys700	intogen_temporal_new	ot_all	0.5	21	516	116	45	degree	0.6661870155038759	1516
string_phys700	intogen_temporal_new	ot_all	0.5	21	516	116	46	rwr	0.7028895348837209	1516
string_phys700	intogen_temporal_new	ot_all	0.5	21	516	116	46	degree	0.6867277131782945	1516
string_phys700	intogen_temporal_new	ot_all	0.5	21	516	116	47	rwr	0.711701550387597	1516
string_phys700	intogen_temporal_new	ot_all	0.5	21	516	116	47	degree	0.6792286821705426	1516
string_phys700	intogen_temporal_new	ot_all	0.5	21	516	116	48	rwr	0.7048478682170544	1516
string_phys700	intogen_temporal_new	ot_all	0.5	21	516	116	48	degree	0.6780833333333334	1516
string_phys700	intogen_temporal_new	ot_all	0.5	21	516	116	49	rwr	0.7039689922480619	1516
string_phys700	intogen_temporal_new	ot_all	0.5	21	516	116	49	degree	0.6922364341085272	1516
string_phys700	intogen_temporal_new	ot_all	0.5	21	516	116	50	rwr	0.7052083333333333	1516
string_phys700	intogen_temporal_new	ot_all	0.5	21	516	116	50	degree	0.6846288759689921	1516
string_phys700	intogen_temporal_new	ot_all	0.5	21	516	116	51	rwr	0.7195387596899224	1516
string_phys700	intogen_temporal_new	ot_all	0.5	21	516	116	51	degree	0.6886627906976743	1516
string_phys700	intogen_temporal_new	ot_all	0.5	21	516	116	52	rwr	0.7099408914728682	1516
string_phys700	intogen_temporal_new	ot_all	0.5	21	516	116	52	degree	0.6812490310077519	1516
string_phys700	intogen_temporal_new	ot_all	0.5	21	516	116	53	rwr	0.7083081395348837	1516
string_phys700	intogen_temporal_new	ot_all	0.5	21	516	116	53	degree	0.6640358527131782	1516
string_phys700	intogen_temporal_new	ot_all	0.5	21	516	116	54	rwr	0.7074864341085271	1516
string_phys700	intogen_temporal_new	ot_all	0.5	21	516	116	54	degree	0.6802732558139535	1516
string_phys700	intogen_temporal_new	ot_all	0.5	21	516	116	55	rwr	0.6971220930232558	1516
string_phys700	intogen_temporal_new	ot_all	0.5	21	516	116	55	degree	0.6766850775193798	1516
string_phys700	intogen_temporal_new	ot_all	0.5	21	516	116	56	rwr	0.7009389534883721	1516
string_phys700	intogen_temporal_new	ot_all	0.5	21	516	116	56	degree	0.6673032945736435	1516
string_phys700	intogen_temporal_new	ot_all	0.5	21	516	116	57	rwr	0.70853003875969	1516
string_phys700	intogen_temporal_new	ot_all	0.5	21	516	116	57	degree	0.6692742248062015	1516
string_phys700	intogen_temporal_new	ot_all	0.5	21	516	116	58	rwr	0.6934244186046512	1516
string_phys700	intogen_temporal_new	ot_all	0.5	21	516	116	58	degree	0.6654970930232558	1516
string_phys700	intogen_temporal_new	ot_all	0.5	21	516	116	59	rwr	0.7288885658914729	1516
string_phys700	intogen_temporal_new	ot_all	0.5	21	516	116	59	degree	0.698578488372093	1516
string_phys700	intogen_temporal_new	ot_all	0.5	21	516	116	60	rwr	0.718186046511628	1516
string_phys700	intogen_temporal_new	ot_all	0.5	21	516	116	60	degree	0.7000290697674418	1516
string_phys700	intogen_temporal_new	ot_all	0.5	21	516	116	61	rwr	0.7126375968992248	1516
string_phys700	intogen_temporal_new	ot_all	0.5	21	516	116	61	degree	0.6731046511627907	1516
string_phys700	intogen_temporal_new	ot_all	0.5	21	516	116	62	rwr	0.7168556201550387	1516
string_phys700	intogen_temporal_new	ot_all	0.5	21	516	116	62	degree	0.6888052325581395	1516
string_phys700	intogen_temporal_new	ot_all	0.5	21	516	116	63	rwr	0.719296511627907	1516
string_phys700	intogen_temporal_new	ot_all	0.5	21	516	116	63	degree	0.6897839147286822	1516
string_phys700	intogen_temporal_new	ot_all	0.5	21	516	116	64	rwr	0.7023139534883721	1516
string_phys700	intogen_temporal_new	ot_all	0.5	21	516	116	64	degree	0.6819234496124031	1516
string_phys700	intogen_temporal_new	ot_all	0.5	21	516	116	65	rwr	0.7124777131782947	1516
string_phys700	intogen_temporal_new	ot_all	0.5	21	516	116	65	degree	0.669109496124031	1516
string_phys700	intogen_temporal_new	ot_all	0.5	21	516	116	66	rwr	0.7012248062015505	1516
string_phys700	intogen_temporal_new	ot_all	0.5	21	516	116	66	degree	0.6731899224806202	1516
string_phys700	intogen_temporal_new	ot_all	0.5	21	516	116	67	rwr	0.7142858527131783	1516
string_phys700	intogen_temporal_new	ot_all	0.5	21	516	116	67	degree	0.6946133720930232	1516
string_phys700	intogen_temporal_new	ot_all	0.5	21	516	116	68	rwr	0.720233527131783	1516
string_phys700	intogen_temporal_new	ot_all	0.5	21	516	116	68	degree	0.6796046511627907	1516
string_phys700	intogen_temporal_new	ot_all	0.5	21	516	116	69	rwr	0.6991279069767442	1516
string_phys700	intogen_temporal_new	ot_all	0.5	21	516	116	69	degree	0.6660368217054264	1516
string_phys700	intogen_temporal_new	ot_all	0.5	21	516	116	70	rwr	0.7007151162790698	1516
string_phys700	intogen_temporal_new	ot_all	0.5	21	516	116	70	degree	0.6785058139534884	1516
string_phys700	intogen_temporal_new	ot_all	0.5	21	516	116	71	rwr	0.711138565891473	1516
string_phys700	intogen_temporal_new	ot_all	0.5	21	516	116	71	degree	0.6788410852713179	1516
string_phys700	intogen_temporal_new	ot_all	0.5	21	516	116	72	rwr	0.7088333333333332	1516
string_phys700	intogen_temporal_new	ot_all	0.5	21	516	116	72	degree	0.6822441860465116	1516
string_phys700	intogen_temporal_new	ot_all	0.5	21	516	116	73	rwr	0.7166763565891472	1516
string_phys700	intogen_temporal_new	ot_all	0.5	21	516	116	73	degree	0.6934292635658914	1516
string_phys700	intogen_temporal_new	ot_all	0.5	21	516	116	74	rwr	0.7109370155038759	1516
string_phys700	intogen_temporal_new	ot_all	0.5	21	516	116	74	degree	0.6736434108527132	1516
string_phys700	intogen_temporal_new	ot_all	0.5	21	516	116	75	rwr	0.7004903100775195	1516
string_phys700	intogen_temporal_new	ot_all	0.5	21	516	116	75	degree	0.6714476744186046	1516
string_phys700	intogen_temporal_new	ot_all	0.5	21	516	116	76	rwr	0.7019767441860465	1516
string_phys700	intogen_temporal_new	ot_all	0.5	21	516	116	76	degree	0.6918071705426357	1516
string_phys700	intogen_temporal_new	ot_all	0.5	21	516	116	77	rwr	0.7126453488372093	1516
string_phys700	intogen_temporal_new	ot_all	0.5	21	516	116	77	degree	0.6887945736434109	1516
string_phys700	intogen_temporal_new	ot_all	0.5	21	516	116	78	rwr	0.6933643410852715	1516
string_phys700	intogen_temporal_new	ot_all	0.5	21	516	116	78	degree	0.6724098837209302	1516
string_phys700	intogen_temporal_new	ot_all	0.5	21	516	116	79	rwr	0.704970930232558	1516
string_phys700	intogen_temporal_new	ot_all	0.5	21	516	116	79	degree	0.684001937984496	1516
string_phys700	intogen_temporal_new	ot_all	0.5	21	516	116	80	rwr	0.7107374031007752	1516
string_phys700	intogen_temporal_new	ot_all	0.5	21	516	116	80	degree	0.6859651162790699	1516
string_phys700	intogen_temporal_new	ot_all	0.5	21	516	116	81	rwr	0.6921240310077519	1516
string_phys700	intogen_temporal_new	ot_all	0.5	21	516	116	81	degree	0.6674156976744186	1516
string_phys700	intogen_temporal_new	ot_all	0.5	21	516	116	82	rwr	0.6999689922480621	1516
string_phys700	intogen_temporal_new	ot_all	0.5	21	516	116	82	degree	0.6650968992248062	1516
string_phys700	intogen_temporal_new	ot_all	0.5	21	516	116	83	rwr	0.7067558139534883	1516
string_phys700	intogen_temporal_new	ot_all	0.5	21	516	116	83	degree	0.6621366279069768	1516
string_phys700	intogen_temporal_new	ot_all	0.5	21	516	116	84	rwr	0.6968226744186047	1516
string_phys700	intogen_temporal_new	ot_all	0.5	21	516	116	84	degree	0.6694786821705426	1516
string_phys700	intogen_temporal_new	ot_all	0.5	21	516	116	85	rwr	0.7171947674418605	1516
string_phys700	intogen_temporal_new	ot_all	0.5	21	516	116	85	degree	0.682968992248062	1516
string_phys700	intogen_temporal_new	ot_all	0.5	21	516	116	86	rwr	0.7020368217054264	1516
string_phys700	intogen_temporal_new	ot_all	0.5	21	516	116	86	degree	0.6753449612403102	1516
string_phys700	intogen_temporal_new	ot_all	0.5	21	516	116	87	rwr	0.7103798449612404	1516
string_phys700	intogen_temporal_new	ot_all	0.5	21	516	116	87	degree	0.6807277131782946	1516
string_phys700	intogen_temporal_new	ot_all	0.5	21	516	116	88	rwr	0.7003003875968992	1516
string_phys700	intogen_temporal_new	ot_all	0.5	21	516	116	88	degree	0.6811172480620155	1516
string_phys700	intogen_temporal_new	ot_all	0.5	21	516	116	89	rwr	0.6996162790697674	1516
string_phys700	intogen_temporal_new	ot_all	0.5	21	516	116	89	degree	0.6631308139534884	1516
string_phys700	intogen_temporal_new	ot_all	0.5	21	516	116	90	rwr	0.7094728682170544	1516
string_phys700	intogen_temporal_new	ot_all	0.5	21	516	116	90	degree	0.6708100775193798	1516
string_phys700	intogen_temporal_new	ot_all	0.5	21	516	116	91	rwr	0.6969176356589147	1516
string_phys700	intogen_temporal_new	ot_all	0.5	21	516	116	91	degree	0.664687015503876	1516
string_phys700	intogen_temporal_new	ot_all	0.5	21	516	116	92	rwr	0.7030998062015503	1516
string_phys700	intogen_temporal_new	ot_all	0.5	21	516	116	92	degree	0.6818313953488372	1516
string_phys700	intogen_temporal_new	ot_all	0.5	21	516	116	93	rwr	0.7182257751937985	1516
string_phys700	intogen_temporal_new	ot_all	0.5	21	516	116	93	degree	0.6902926356589147	1516
string_phys700	intogen_temporal_new	ot_all	0.5	21	516	116	94	rwr	0.7130329457364342	1516
string_phys700	intogen_temporal_new	ot_all	0.5	21	516	116	94	degree	0.6828304263565892	1516
string_phys700	intogen_temporal_new	ot_all	0.5	21	516	116	95	rwr	0.6922073643410853	1516
string_phys700	intogen_temporal_new	ot_all	0.5	21	516	116	95	degree	0.6640726744186047	1516
string_phys700	intogen_temporal_new	ot_all	0.5	21	516	116	96	rwr	0.7168158914728682	1516
string_phys700	intogen_temporal_new	ot_all	0.5	21	516	116	96	degree	0.6898226744186046	1516
string_phys700	intogen_temporal_new	ot_all	0.5	21	516	116	97	rwr	0.7089031007751938	1516
string_phys700	intogen_temporal_new	ot_all	0.5	21	516	116	97	degree	0.6936337209302326	1516
string_phys700	intogen_temporal_new	ot_all	0.5	21	516	116	98	rwr	0.7064408914728681	1516
string_phys700	intogen_temporal_new	ot_all	0.5	21	516	116	98	degree	0.684031976744186	1516
string_phys700	intogen_temporal_new	ot_all	0.5	21	516	116	99	rwr	0.7134089147286821	1516
string_phys700	intogen_temporal_new	ot_all	0.5	21	516	116	99	degree	0.6859282945736433	1516
