network	label_set	universe	alpha	n_iter	repeat	fold	method	auroc	n_test_pos	n_test
funmap	intogen2024->ot_all	native_funmap	0.5	21	0	0	rwr	0.6299790794979079	239	1239
funmap	intogen2024->ot_all	native_funmap	0.5	21	0	0	degree	0.6263556485355648	239	1239
funmap	intogen2024->ot_all	native_funmap	0.5	21	0	1	rwr	0.6299790794979079	239	1239
funmap	intogen2024->ot_all	native_funmap	0.5	21	0	1	degree	0.6263556485355648	239	1239
funmap	intogen2024->ot_all	native_funmap	0.5	21	0	2	rwr	0.6299790794979079	239	1239
funmap	intogen2024->ot_all	native_funmap	0.5	21	0	2	degree	0.6263556485355648	239	1239
funmap	intogen2024->ot_all	native_funmap	0.5	21	0	3	rwr	0.6299790794979079	239	1239
funmap	intogen2024->ot_all	native_funmap	0.5	21	0	3	degree	0.6263556485355648	239	1239
funmap	intogen2024->ot_all	native_funmap	0.5	21	0	4	rwr	0.6299790794979079	239	1239
funmap	intogen2024->ot_all	native_funmap	0.5	21	0	4	degree	0.6263556485355648	239	1239
funmap	intogen2024->ot_all	native_funmap	0.5	21	0	5	rwr	0.6299790794979079	239	1239
funmap	intogen2024->ot_all	native_funmap	0.5	21	0	5	degree	0.6263556485355648	239	1239
funmap	intogen2024->ot_all	native_funmap	0.5	21	0	6	rwr	0.6299790794979079	239	1239
funmap	intogen2024->ot_all	native_funmap	0.5	21	0	6	degree	0.6263556485355648	239	1239
funmap	intogen2024->ot_all	native_funmap	0.5	21	0	7	rwr	0.6299790794979079	239	1239
funmap	intogen2024->ot_all	native_funmap	0.5	21	0	7	degree	0.6263556485355648	239	1239
funmap	intogen2024->ot_all	native_funmap	0.5	21	0	8	rwr	0.6299790794979079	239	1239
funmap	intogen2024->ot_all	native_funmap	0.5	21	0	8	degree	0.6263556485355648	239	1239
funmap	intogen2024->ot_all	native_funmap	0.5	21	0	9	rwr	0.6299790794979079	239	1239
funmap	intogen2024->ot_all	native_funmap	0.5	21	0	9	degree	0.6263556485355648	239	1239
funmap	intogen2024->ot_all	native_funmap	0.5	21	0	10	rwr	0.6299790794979079	239	1239
funmap	intogen2024->ot_all	native_funmap	0.5	21	0	10	degree	0.6263556485355648	239	1239
funmap	intogen2024->ot_all	native_funmap	0.5	21	0	11	rwr	0.6299790794979079	239	1239
funmap	intogen2024->ot_all	native_funmap	0.5	21	0	11	degree	0.6263556485355648	239	1239
funmap	intogen2024->ot_all	native_funmap	0.5	21	0	12	rwr	0.6299790794979079	239	1239
funmap	intogen2024->ot_all	native_funmap	0.5	21	0	12	degree	0.6263556485355648	239	1239
funmap	intogen2024->ot_all	native_funmap	0.5	21	0	13	rwr	0.6299790794979079	239	1239
funmap	intogen2024->ot_all	native_funmap	0.5	21	0	13	degree	0.6263556485355648	239	1239
funmap	intogen2024->ot_all	native_funmap	0.5	21	0	14	rwr	0.6299790794979079	239	1239
funmap	intogen2024->ot_all	native_funmap	0.5	21	0	14	degree	0.6263556485355648	239	1239
funmap	intogen2024->ot_all	native_funmap	0.5	21	0	15	rwr	0.6299790794979079	239	1239
funmap	intogen2024->ot_all	native_funmap	0.5	21	0	15	degree	0.6263556485355648	239	1239
funmap	intogen2024->ot_all	native_funmap	0.5	21	0	16	rwr	0.6299790794979079	239	1239
funmap	intogen2024->ot_all	native_funmap	0.5	21	0	16	degree	0.6263556485355648	239	1239
funmap	intogen2024->ot_all	native_funmap	0.5	21	0	17	rwr	0.6299790794979079	239	1239
funmap	intogen2024->ot_all	native_funmap	0.5	21	0	17	degree	0.6263556485355648	239	1239
funmap	intogen2024->ot_all	native_funmap	0.5	21	0	18	rwr	0.6299790794979079	239	1239
funmap	intogen2024->ot_all	native_funmap	0.5	21	0	18	degree	0.6263556485355648	239	1239
funmap	intogen2024->ot_all	native_funmap	0.5	21	0	19	rwr	0.6299790794979079	239	1239
funmap	intogen2024->ot_all	native_funmap	0.5	21	0	19	degree	0.6263556485355648	239	1239
funmap	intogen2024->ot_all	native_funmap	0.5	21	0	20	rwr	0.6299790794979079	239	1239
funmap	intogen2024->ot_all	native_funmap	0.5	21	0	20	degree	0.6263556485355648	239	1239
funmap	intogen2024->ot_all	native_funmap	0.5	21	0	21	rwr	0.6299790794979079	239	1239
funmap	intogen2024->ot_all	native_funmap	0.5	21	0	21	degree	0.6263556485355648	239	1239
funmap	intogen2024->ot_all	native_funmap	0.5	21	0	22	rwr	0.6299790794979079	239	1239
funmap	intogen2024->ot_all	native_funmap	0.5	21	0	22	degree	0.6263556485355648	239	1239
funmap	intogen2024->ot_all	native_funmap	0.5	21	0	23	rwr	0.6299790794979079	239	1239
funmap	intogen2024->ot_all	native_funmap	0.5	21	0	23	degree	0.6263556485355648	239	1239
funmap	intogen2024->ot_all	native_funmap	0.5	21	0	24	rwr	0.6299790794979079	239	1239
funmap	intogen2024->ot_all	native_funmap	0.5	21	0	24	degree	0.6263556485355648	239	1239
funmap	intogen2024->ot_all	native_funmap	0.5	21	0	25	rwr	0.6299790794979079	239	1239
funmap	intogen2024->ot_all	native_funmap	0.5	21	0	25	degree	0.6263556485355648	239	1239
funmap	intogen2024->ot_all	native_funmap	0.5	21	0	26	rwr	0.6299790794979079	239	1239
funmap	intogen2024->ot_all	native_funmap	0.5	21	0	26	degree	0.6263556485355648	239	1239
funmap	intogen2024->ot_all	native_funmap	0.5	21	0	27	rwr	0.6299790794979079	239	1239
funmap	intogen2024->ot_all	native_funmap	0.5	21	0	27	degree	0.6263556485355648	239	1239
funmap	intogen2024->ot_all	native_funmap	0.5	21	0	28	rwr	0.6299790794979079	239	1239
funmap	intogen2024->ot_all	native_funmap	0.5	21	0	28	degree	0.6263556485355648	239	1239
funmap	intogen2024->ot_all	native_funmap	0.5	21	0	29	rwr	0.6299790794979079	239	1239
funmap	intogen2024->ot_all	native_funmap	0.5	21	0	29	degree	0.6263556485355648	239	1239
funmap	intogen2024->ot_all	native_funmap	0.5	21	0	-1	rwr	0.6021769937553879	239	10189
funmap	intogen2024->ot_all	native_funmap	0.5	21	0	-1	degree	0.6227831626753013	239	10189
